<?xml version="1.0"?>
<doc>
    <assembly>
        <name>Umbraco.Cms.Imaging.ImageSharp</name>
    </assembly>
    <members>
        <member name="T:Umbraco.Cms.Imaging.ImageSharp.ConfigureImageSharpMiddlewareOptions">
            <summary>
            Configures the ImageSharp middleware options.
            </summary>
            <seealso cref="T:Microsoft.Extensions.Options.IConfigureOptions`1" />
        </member>
        <member name="M:Umbraco.Cms.Imaging.ImageSharp.ConfigureImageSharpMiddlewareOptions.#ctor(SixLabors.ImageSharp.Configuration,Microsoft.Extensions.Options.IOptions{Umbraco.Cms.Core.Configuration.Models.ImagingSettings})">
            <summary>
            Initializes a new instance of the <see cref="T:Umbraco.Cms.Imaging.ImageSharp.ConfigureImageSharpMiddlewareOptions" /> class.
            </summary>
            <param name="configuration">The ImageSharp configuration.</param>
            <param name="imagingSettings">The Umbraco imaging settings.</param>
        </member>
        <member name="M:Umbraco.Cms.Imaging.ImageSharp.ConfigureImageSharpMiddlewareOptions.Configure(SixLabors.ImageSharp.Web.Middleware.ImageSharpMiddlewareOptions)">
            <inheritdoc />
        </member>
        <member name="T:Umbraco.Cms.Imaging.ImageSharp.ConfigurePhysicalFileSystemCacheOptions">
            <summary>
                Configures the ImageSharp physical file system cache options.
            </summary>
            <seealso cref="T:Microsoft.Extensions.Options.IConfigureOptions`1" />
        </member>
        <member name="M:Umbraco.Cms.Imaging.ImageSharp.ConfigurePhysicalFileSystemCacheOptions.#ctor(Microsoft.Extensions.Options.IOptions{Umbraco.Cms.Core.Configuration.Models.ImagingSettings},Microsoft.Extensions.Hosting.IHostEnvironment)">
            <summary>
                Initializes a new instance of the <see cref="T:Umbraco.Cms.Imaging.ImageSharp.ConfigurePhysicalFileSystemCacheOptions" /> class.
            </summary>
            <param name="imagingSettings">The Umbraco imaging settings.</param>
            <param name="hostEnvironment">The host environment.</param>
        </member>
        <member name="M:Umbraco.Cms.Imaging.ImageSharp.ConfigurePhysicalFileSystemCacheOptions.Configure(SixLabors.ImageSharp.Web.Caching.PhysicalFileSystemCacheOptions)">
            <inheritdoc />
        </member>
        <member name="T:Umbraco.Cms.Imaging.ImageSharp.ImageProcessors.CropWebProcessor">
            <summary>
            Allows the cropping of images.
            </summary>
            <seealso cref="T:SixLabors.ImageSharp.Web.Processors.IImageWebProcessor" />
        </member>
        <member name="F:Umbraco.Cms.Imaging.ImageSharp.ImageProcessors.CropWebProcessor.Coordinates">
            <summary>
            The command constant for the crop coordinates.
            </summary>
        </member>
        <member name="F:Umbraco.Cms.Imaging.ImageSharp.ImageProcessors.CropWebProcessor.Orient">
            <summary>
            The command constant for the resize orientation handling mode.
            </summary>
        </member>
        <member name="P:Umbraco.Cms.Imaging.ImageSharp.ImageProcessors.CropWebProcessor.Commands">
            <inheritdoc />
        </member>
        <member name="M:Umbraco.Cms.Imaging.ImageSharp.ImageProcessors.CropWebProcessor.Process(SixLabors.ImageSharp.Web.FormattedImage,Microsoft.Extensions.Logging.ILogger,SixLabors.ImageSharp.Web.Commands.CommandCollection,SixLabors.ImageSharp.Web.Commands.CommandParser,System.Globalization.CultureInfo)">
            <inheritdoc />
        </member>
        <member name="M:Umbraco.Cms.Imaging.ImageSharp.ImageProcessors.CropWebProcessor.RequiresTrueColorPixelFormat(SixLabors.ImageSharp.Web.Commands.CommandCollection,SixLabors.ImageSharp.Web.Commands.CommandParser,System.Globalization.CultureInfo)">
            <inheritdoc />
        </member>
        <member name="T:Umbraco.Cms.Imaging.ImageSharp.ImageSharpComposer">
            <summary>
            Adds imaging support using ImageSharp/ImageSharp.Web.
            </summary>
            <seealso cref="T:Umbraco.Cms.Core.Composing.IComposer" />
        </member>
        <member name="M:Umbraco.Cms.Imaging.ImageSharp.ImageSharpComposer.Compose(Umbraco.Cms.Core.DependencyInjection.IUmbracoBuilder)">
            <inheritdoc />
        </member>
        <member name="P:Umbraco.Cms.Imaging.ImageSharp.Media.ImageSharpDimensionExtractor.SupportedImageFileTypes">
            <inheritdoc />
        </member>
        <member name="M:Umbraco.Cms.Imaging.ImageSharp.Media.ImageSharpDimensionExtractor.#ctor(SixLabors.ImageSharp.Configuration)">
            <summary>
            Initializes a new instance of the <see cref="T:Umbraco.Cms.Imaging.ImageSharp.Media.ImageSharpDimensionExtractor" /> class.
            </summary>
            <param name="configuration">The configuration.</param>
        </member>
        <member name="M:Umbraco.Cms.Imaging.ImageSharp.Media.ImageSharpDimensionExtractor.GetDimensions(System.IO.Stream)">
            <inheritdoc />
        </member>
        <member name="T:Umbraco.Cms.Imaging.ImageSharp.Media.ImageSharpImageUrlGenerator">
            <summary>
            Exposes a method that generates an image URL based on the specified options that can be processed by ImageSharp.
            </summary>
            <seealso cref="T:Umbraco.Cms.Core.Media.IImageUrlGenerator" />
        </member>
        <member name="M:Umbraco.Cms.Imaging.ImageSharp.Media.ImageSharpImageUrlGenerator.#ctor(SixLabors.ImageSharp.Configuration,SixLabors.ImageSharp.Web.RequestAuthorizationUtilities,Microsoft.Extensions.Options.IOptions{SixLabors.ImageSharp.Web.Middleware.ImageSharpMiddlewareOptions})">
            <summary>
            Initializes a new instance of the <see cref="T:Umbraco.Cms.Imaging.ImageSharp.Media.ImageSharpImageUrlGenerator" /> class.
            </summary>
            <param name="configuration">The ImageSharp configuration.</param>
            <param name="requestAuthorizationUtilities">Contains helpers that allow authorization of image requests.</param>
            <param name="options"></param>
        </member>
        <member name="M:Umbraco.Cms.Imaging.ImageSharp.Media.ImageSharpImageUrlGenerator.#ctor(SixLabors.ImageSharp.Configuration)">
            <summary>
            Initializes a new instance of the <see cref="T:Umbraco.Cms.Imaging.ImageSharp.Media.ImageSharpImageUrlGenerator" /> class.
            </summary>
            <param name="configuration">The ImageSharp configuration.</param>
        </member>
        <member name="M:Umbraco.Cms.Imaging.ImageSharp.Media.ImageSharpImageUrlGenerator.#ctor(System.Collections.Generic.IEnumerable{System.String},Microsoft.Extensions.Options.IOptions{SixLabors.ImageSharp.Web.Middleware.ImageSharpMiddlewareOptions},SixLabors.ImageSharp.Web.RequestAuthorizationUtilities)">
            <summary>
            Initializes a new instance of the <see cref="T:Umbraco.Cms.Imaging.ImageSharp.Media.ImageSharpImageUrlGenerator" /> class.
            </summary>
            <param name="supportedImageFileTypes">The supported image file types/extensions.</param>
            <param name="options">The ImageSharp middleware options.</param>
            <param name="requestAuthorizationUtilities">Contains helpers that allow authorization of image requests.</param>
            <remarks>
            This constructor is only used for testing.
            </remarks>
        </member>
        <member name="P:Umbraco.Cms.Imaging.ImageSharp.Media.ImageSharpImageUrlGenerator.SupportedImageFileTypes">
            <inheritdoc />
        </member>
        <member name="M:Umbraco.Cms.Imaging.ImageSharp.Media.ImageSharpImageUrlGenerator.GetImageUrl(Umbraco.Cms.Core.Models.ImageUrlGenerationOptions)">
            <inheritdoc />
        </member>
        <member name="M:Umbraco.Cms.Imaging.ImageSharp.UmbracoBuilderExtensions.AddUmbracoImageSharp(Umbraco.Cms.Core.DependencyInjection.IUmbracoBuilder)">
            <summary>
                Adds Image Sharp with Umbraco settings
            </summary>
        </member>
    </members>
</doc>
