<?xml version="1.0"?>
<doc>
    <assembly>
        <name>Umbraco.JsonSchema.Extensions</name>
    </assembly>
    <members>
        <member name="T:Umbraco.JsonSchema.Extensions.JsonPathUpdateValue">
            <summary>
            Updates the value of a property in a JSON file using a JSON path expression.
            </summary>
            <seealso cref="T:Microsoft.Build.Utilities.Task" />
        </member>
        <member name="P:Umbraco.JsonSchema.Extensions.JsonPathUpdateValue.JsonFile">
            <summary>
            Gets or sets the JSON file.
            </summary>
            <value>
            The JSON file.
            </value>
        </member>
        <member name="P:Umbraco.JsonSchema.Extensions.JsonPathUpdateValue.Path">
            <summary>
            Gets or sets the JSON path expression that specifies the property to update.
            </summary>
            <value>
            The JSON path expression that specifies the property to update.
            </value>
        </member>
        <member name="P:Umbraco.JsonSchema.Extensions.JsonPathUpdateValue.Value">
            <summary>
            Gets or sets the JSON value to set.
            </summary>
            <value>
            The JSON value to set.
            </value>
        </member>
        <member name="M:Umbraco.JsonSchema.Extensions.JsonPathUpdateValue.Execute">
            <inheritdoc />
        </member>
        <member name="T:Umbraco.JsonSchema.Extensions.JsonSchemaAddReferences">
            <summary>
            Adds references to a JSON schema file.
            </summary>
            <seealso cref="T:Microsoft.Build.Utilities.Task" />
        </member>
        <member name="P:Umbraco.JsonSchema.Extensions.JsonSchemaAddReferences.JsonSchemaFile">
            <summary>
            Gets or sets the JSON schema file.
            </summary>
            <value>
            The JSON schema file.
            </value>
        </member>
        <member name="P:Umbraco.JsonSchema.Extensions.JsonSchemaAddReferences.References">
            <summary>
            Gets or sets the references to add.
            </summary>
            <value>
            The references to add.
            </value>
        </member>
        <member name="M:Umbraco.JsonSchema.Extensions.JsonSchemaAddReferences.Execute">
            <inheritdoc />
        </member>
    </members>
</doc>
