<?xml version="1.0"?>
<doc>
    <assembly>
        <name>Umbraco.Cms.Persistence.EFCore.SqlServer</name>
    </assembly>
    <members>
        <member name="T:Umbraco.Cms.Persistence.EFCore.SqlServer.Migrations.InitialCreate">
            <inheritdoc />
        </member>
        <member name="M:Umbraco.Cms.Persistence.EFCore.SqlServer.Migrations.InitialCreate.Up(Microsoft.EntityFrameworkCore.Migrations.MigrationBuilder)">
            <inheritdoc />
        </member>
        <member name="M:Umbraco.Cms.Persistence.EFCore.SqlServer.Migrations.InitialCreate.Down(Microsoft.EntityFrameworkCore.Migrations.MigrationBuilder)">
            <inheritdoc />
        </member>
        <member name="M:Umbraco.Cms.Persistence.EFCore.SqlServer.Migrations.InitialCreate.BuildTargetModel(Microsoft.EntityFrameworkCore.ModelBuilder)">
            <inheritdoc />
        </member>
        <member name="T:Umbraco.Cms.Persistence.EFCore.SqlServer.Migrations.AddOpenIddict">
            <inheritdoc />
        </member>
        <member name="M:Umbraco.Cms.Persistence.EFCore.SqlServer.Migrations.AddOpenIddict.Up(Microsoft.EntityFrameworkCore.Migrations.MigrationBuilder)">
            <inheritdoc />
        </member>
        <member name="M:Umbraco.Cms.Persistence.EFCore.SqlServer.Migrations.AddOpenIddict.Down(Microsoft.EntityFrameworkCore.Migrations.MigrationBuilder)">
            <inheritdoc />
        </member>
        <member name="M:Umbraco.Cms.Persistence.EFCore.SqlServer.Migrations.AddOpenIddict.BuildTargetModel(Microsoft.EntityFrameworkCore.ModelBuilder)">
            <inheritdoc />
        </member>
    </members>
</doc>
