<?xml version="1.0"?>
<doc>
    <assembly>
        <name>Umbraco.Cms.Persistence.Sqlite</name>
    </assembly>
    <members>
        <member name="T:Umbraco.Cms.Persistence.Sqlite.Constants">
            <summary>
                Constants related to SQLite.
            </summary>
        </member>
        <member name="F:Umbraco.Cms.Persistence.Sqlite.Constants.ProviderName">
            <summary>
                SQLite provider name.
            </summary>
        </member>
        <member name="T:Umbraco.Cms.Persistence.Sqlite.Services.SqliteBulkSqlInsertProvider">
            <summary>
                Implements <see cref="T:Umbraco.Cms.Infrastructure.Persistence.IBulkSqlInsertProvider" /> for SQLite.
            </summary>
        </member>
        <member name="M:Umbraco.Cms.Persistence.Sqlite.Services.SqliteBulkSqlInsertProvider.BulkInsertRecordsSqlite``1(Umbraco.Cms.Infrastructure.Persistence.IUmbracoDatabase,NPoco.PocoData,System.Collections.Generic.IEnumerable{``0})">
            <summary>
                Bulk-insert records using SqlServer BulkCopy method.
            </summary>
            <typeparam name="T">The type of the records.</typeparam>
            <param name="database">The database.</param>
            <param name="pocoData">The PocoData object corresponding to the record's type.</param>
            <param name="records">The records.</param>
            <returns>The number of records that were inserted.</returns>
        </member>
        <member name="T:Umbraco.Cms.Persistence.Sqlite.Services.SqliteDatabaseCreator">
            <summary>
                Implements <see cref="T:Umbraco.Cms.Infrastructure.Persistence.IDatabaseCreator" /> for SQLite.
            </summary>
        </member>
        <member name="P:Umbraco.Cms.Persistence.Sqlite.Services.SqliteDatabaseCreator.ProviderName">
            <inheritdoc />
        </member>
        <member name="M:Umbraco.Cms.Persistence.Sqlite.Services.SqliteDatabaseCreator.Create(System.String)">
            <summary>
                Creates a SQLite database file.
            </summary>
            <remarks>
                <para>
                    With journal_mode = wal we have snapshot isolation.
                </para>
                <para>
                    Concurrent read/write can take occur, committing a write transaction will have no impact
                    on open read transactions as they see only committed data from the point in time that they began reading.
                </para>
                <para>
                    A write transaction still requires exclusive access to database files so concurrent writes are not possible.
                </para>
                <para>
                    Read more <a href="https://www.sqlite.org/isolation.html">Isolation in SQLite</a> <br />
                    Read more <a href="https://www.sqlite.org/wal.html">Write-Ahead Logging</a>
                </para>
            </remarks>
        </member>
        <member name="P:Umbraco.Cms.Persistence.Sqlite.Services.SqliteDatabaseProviderMetadata.Id">
            <inheritdoc />
        </member>
        <member name="P:Umbraco.Cms.Persistence.Sqlite.Services.SqliteDatabaseProviderMetadata.SortOrder">
            <inheritdoc />
        </member>
        <member name="P:Umbraco.Cms.Persistence.Sqlite.Services.SqliteDatabaseProviderMetadata.DisplayName">
            <inheritdoc />
        </member>
        <member name="P:Umbraco.Cms.Persistence.Sqlite.Services.SqliteDatabaseProviderMetadata.DefaultDatabaseName">
            <inheritdoc />
        </member>
        <member name="P:Umbraco.Cms.Persistence.Sqlite.Services.SqliteDatabaseProviderMetadata.ProviderName">
            <inheritdoc />
        </member>
        <member name="P:Umbraco.Cms.Persistence.Sqlite.Services.SqliteDatabaseProviderMetadata.SupportsQuickInstall">
            <inheritdoc />
        </member>
        <member name="P:Umbraco.Cms.Persistence.Sqlite.Services.SqliteDatabaseProviderMetadata.IsAvailable">
            <inheritdoc />
        </member>
        <member name="P:Umbraco.Cms.Persistence.Sqlite.Services.SqliteDatabaseProviderMetadata.RequiresServer">
            <inheritdoc />
        </member>
        <member name="P:Umbraco.Cms.Persistence.Sqlite.Services.SqliteDatabaseProviderMetadata.ServerPlaceholder">
            <inheritdoc />
        </member>
        <member name="P:Umbraco.Cms.Persistence.Sqlite.Services.SqliteDatabaseProviderMetadata.RequiresCredentials">
            <inheritdoc />
        </member>
        <member name="P:Umbraco.Cms.Persistence.Sqlite.Services.SqliteDatabaseProviderMetadata.SupportsIntegratedAuthentication">
            <inheritdoc />
        </member>
        <member name="P:Umbraco.Cms.Persistence.Sqlite.Services.SqliteDatabaseProviderMetadata.RequiresConnectionTest">
            <inheritdoc />
        </member>
        <member name="P:Umbraco.Cms.Persistence.Sqlite.Services.SqliteDatabaseProviderMetadata.ForceCreateDatabase">
            <inheritdoc />
            <remarks>
                <para>
                    Required to ensure database creator is used regardless of configured InstallMissingDatabase value.
                </para>
                <para>
                    Ensures database setup with journal_mode = wal;
                </para>
            </remarks>
        </member>
        <member name="M:Umbraco.Cms.Persistence.Sqlite.Services.SqliteDatabaseProviderMetadata.CanRecognizeConnectionString(System.String)">
            <inheritdoc />
        </member>
        <member name="M:Umbraco.Cms.Persistence.Sqlite.Services.SqliteDatabaseProviderMetadata.GenerateConnectionString(Umbraco.Cms.Core.Install.Models.DatabaseModel)">
            <inheritdoc />
        </member>
        <member name="P:Umbraco.Cms.Persistence.Sqlite.Services.SqliteDistributedLockingMechanism.Enabled">
            <inheritdoc />
        </member>
        <member name="T:Umbraco.Cms.Persistence.Sqlite.Services.SqliteSpecificMapperFactory">
            <summary>
                Implements <see cref="T:Umbraco.Cms.Infrastructure.Persistence.IProviderSpecificMapperFactory" /> for SQLite.
            </summary>
        </member>
        <member name="P:Umbraco.Cms.Persistence.Sqlite.Services.SqliteSpecificMapperFactory.ProviderName">
            <inheritdoc />
        </member>
        <member name="P:Umbraco.Cms.Persistence.Sqlite.Services.SqliteSpecificMapperFactory.Mappers">
            <inheritdoc />
        </member>
        <member name="T:Umbraco.Cms.Persistence.Sqlite.Services.SqliteSyntaxProvider">
            <summary>
            Implements <see cref="T:Umbraco.Cms.Infrastructure.Persistence.SqlSyntax.ISqlSyntaxProvider"/> for SQLite.
            </summary>
        </member>
        <member name="P:Umbraco.Cms.Persistence.Sqlite.Services.SqliteSyntaxProvider.ProviderName">
            <inheritdoc />
        </member>
        <member name="P:Umbraco.Cms.Persistence.Sqlite.Services.SqliteSyntaxProvider.DefaultIsolationLevel">
            <inheritdoc />
        </member>
        <member name="P:Umbraco.Cms.Persistence.Sqlite.Services.SqliteSyntaxProvider.DbProvider">
            <inheritdoc />
        </member>
        <member name="M:Umbraco.Cms.Persistence.Sqlite.Services.SqliteSyntaxProvider.SupportsIdentityInsert">
            <inheritdoc />
        </member>
        <member name="M:Umbraco.Cms.Persistence.Sqlite.Services.SqliteSyntaxProvider.SupportsClustered">
            <inheritdoc />
        </member>
        <member name="M:Umbraco.Cms.Persistence.Sqlite.Services.SqliteSyntaxProvider.GetDefinedIndexes(NPoco.IDatabase)">
            <inheritdoc />
        </member>
        <member name="M:Umbraco.Cms.Persistence.Sqlite.Services.SqliteSyntaxProvider.GetSpecialDbType(Umbraco.Cms.Infrastructure.Persistence.DatabaseAnnotations.SpecialDbType)">
            <inheritdoc />
        </member>
        <member name="M:Umbraco.Cms.Persistence.Sqlite.Services.SqliteSyntaxProvider.GetSpecialDbType(Umbraco.Cms.Infrastructure.Persistence.DatabaseAnnotations.SpecialDbType,System.Int32)">
            <inheritdoc />
        </member>
        <member name="M:Umbraco.Cms.Persistence.Sqlite.Services.SqliteSyntaxProvider.TryGetDefaultConstraint(NPoco.IDatabase,System.String,System.String,System.String@)">
            <inheritdoc />
        </member>
        <member name="M:Umbraco.Cms.Persistence.Sqlite.Services.SqliteSyntaxProvider.FormatSystemMethods(Umbraco.Cms.Infrastructure.Persistence.DatabaseModelDefinitions.SystemMethods)">
            <inheritdoc />
        </member>
        <member name="M:Umbraco.Cms.Persistence.Sqlite.Services.SqliteSyntaxProvider.FormatIdentity(Umbraco.Cms.Infrastructure.Persistence.DatabaseModelDefinitions.ColumnDefinition)">
            <inheritdoc />
        </member>
        <member name="M:Umbraco.Cms.Persistence.Sqlite.Services.SqliteSyntaxProvider.SelectTop(NPoco.Sql{Umbraco.Cms.Infrastructure.Persistence.ISqlContext},System.Int32)">
            <inheritdoc />
        </member>
        <member name="M:Umbraco.Cms.Persistence.Sqlite.Services.SqliteSyntaxProvider.GetConstraintsPerColumn(NPoco.IDatabase)">
            <inheritdoc />
        </member>
        <member name="T:Umbraco.Cms.Persistence.Sqlite.SqliteComposer">
            <summary>
                Automatically adds SQLite support to Umbraco when this project is referenced.
            </summary>
        </member>
        <member name="M:Umbraco.Cms.Persistence.Sqlite.SqliteComposer.Compose(Umbraco.Cms.Core.DependencyInjection.IUmbracoBuilder)">
            <inheritdoc />
        </member>
        <member name="T:Umbraco.Cms.Persistence.Sqlite.UmbracoBuilderExtensions">
            <summary>
                SQLite support extensions for IUmbracoBuilder.
            </summary>
        </member>
        <member name="M:Umbraco.Cms.Persistence.Sqlite.UmbracoBuilderExtensions.AddUmbracoSqliteSupport(Umbraco.Cms.Core.DependencyInjection.IUmbracoBuilder)">
            <summary>
                Add required services for SQLite support.
            </summary>
        </member>
    </members>
</doc>
