<?xml version="1.0"?>
<doc>
    <assembly>
        <name>Umbraco.Cms.Persistence.SqlServer</name>
    </assembly>
    <members>
        <member name="T:Umbraco.Cms.Persistence.SqlServer.Constants">
            <summary>
                Constants related to SQL Server.
            </summary>
        </member>
        <member name="F:Umbraco.Cms.Persistence.SqlServer.Constants.ProviderName">
            <summary>
                SQL Server provider name.
            </summary>
        </member>
        <member name="T:Umbraco.Cms.Persistence.SqlServer.FaultHandling.RetryPolicyFactory">
            <summary>
                Provides a factory class for instantiating application-specific retry policies.
            </summary>
        </member>
        <member name="T:Umbraco.Cms.Persistence.SqlServer.FaultHandling.Strategies.NetworkConnectivityErrorDetectionStrategy">
            <summary>
                Implements a strategy that detects network connectivity errors such as host not found.
            </summary>
        </member>
        <member name="T:Umbraco.Cms.Persistence.SqlServer.FaultHandling.Strategies.SqlAzureTransientErrorDetectionStrategy">
            <summary>
                Provides the transient error detection logic for transient faults that are specific to SQL Azure.
            </summary>
        </member>
        <member name="M:Umbraco.Cms.Persistence.SqlServer.FaultHandling.Strategies.SqlAzureTransientErrorDetectionStrategy.IsTransient(System.Exception)">
            <summary>
                Determines whether the specified exception represents a transient failure that can be compensated by a retry.
            </summary>
            <param name="ex">The exception object to be verified.</param>
            <returns>true if the specified exception is considered as transient; otherwise, false.</returns>
        </member>
        <member name="T:Umbraco.Cms.Persistence.SqlServer.FaultHandling.Strategies.SqlAzureTransientErrorDetectionStrategy.ProcessNetLibErrorCode">
            <summary>
                Error codes reported by the DBNETLIB module.
            </summary>
        </member>
        <member name="T:Umbraco.Cms.Persistence.SqlServer.FaultHandling.Strategies.ThrottlingMode">
            <summary>
                Defines the possible throttling modes in SQL Azure.
            </summary>
        </member>
        <member name="F:Umbraco.Cms.Persistence.SqlServer.FaultHandling.Strategies.ThrottlingMode.NoThrottling">
            <summary>
                Corresponds to "No Throttling" throttling mode whereby all SQL statements can be processed.
            </summary>
        </member>
        <member name="F:Umbraco.Cms.Persistence.SqlServer.FaultHandling.Strategies.ThrottlingMode.RejectUpdateInsert">
            <summary>
                Corresponds to "Reject Update / Insert" throttling mode whereby SQL statements such as INSERT, UPDATE, CREATE TABLE
                and CREATE INDEX are rejected.
            </summary>
        </member>
        <member name="F:Umbraco.Cms.Persistence.SqlServer.FaultHandling.Strategies.ThrottlingMode.RejectAllWrites">
            <summary>
                Corresponds to "Reject All Writes" throttling mode whereby SQL statements such as INSERT, UPDATE, DELETE, CREATE,
                DROP are rejected.
            </summary>
        </member>
        <member name="F:Umbraco.Cms.Persistence.SqlServer.FaultHandling.Strategies.ThrottlingMode.RejectAll">
            <summary>
                Corresponds to "Reject All" throttling mode whereby all SQL statements are rejected.
            </summary>
        </member>
        <member name="F:Umbraco.Cms.Persistence.SqlServer.FaultHandling.Strategies.ThrottlingMode.Unknown">
            <summary>
                Corresponds to an unknown throttling mode whereby throttling mode cannot be determined with certainty.
            </summary>
        </member>
        <member name="T:Umbraco.Cms.Persistence.SqlServer.FaultHandling.Strategies.ThrottlingType">
            <summary>
                Defines the possible throttling types in SQL Azure.
            </summary>
        </member>
        <member name="F:Umbraco.Cms.Persistence.SqlServer.FaultHandling.Strategies.ThrottlingType.None">
            <summary>
                Indicates that no throttling was applied to a given resource.
            </summary>
        </member>
        <member name="F:Umbraco.Cms.Persistence.SqlServer.FaultHandling.Strategies.ThrottlingType.Soft">
            <summary>
                Corresponds to a Soft throttling type. Soft throttling is applied when machine resources such as, CPU, IO, storage,
                and worker threads exceed
                predefined safety thresholds despite the load balancer’s best efforts.
            </summary>
        </member>
        <member name="F:Umbraco.Cms.Persistence.SqlServer.FaultHandling.Strategies.ThrottlingType.Hard">
            <summary>
                Corresponds to a Hard throttling type. Hard throttling is applied when the machine is out of resources, for example
                storage space.
                With hard throttling, no new connections are allowed to the databases hosted on the machine until resources are
                freed up.
            </summary>
        </member>
        <member name="F:Umbraco.Cms.Persistence.SqlServer.FaultHandling.Strategies.ThrottlingType.Unknown">
            <summary>
                Corresponds to an unknown throttling type in the event when the throttling type cannot be determined with
                certainty.
            </summary>
        </member>
        <member name="T:Umbraco.Cms.Persistence.SqlServer.FaultHandling.Strategies.ThrottledResourceType">
            <summary>
                Defines the types of resources in SQL Azure which may be subject to throttling conditions.
            </summary>
        </member>
        <member name="F:Umbraco.Cms.Persistence.SqlServer.FaultHandling.Strategies.ThrottledResourceType.PhysicalDatabaseSpace">
            <summary>
                Corresponds to "Physical Database Space" resource which may be subject to throttling.
            </summary>
        </member>
        <member name="F:Umbraco.Cms.Persistence.SqlServer.FaultHandling.Strategies.ThrottledResourceType.PhysicalLogSpace">
            <summary>
                Corresponds to "Physical Log File Space" resource which may be subject to throttling.
            </summary>
        </member>
        <member name="F:Umbraco.Cms.Persistence.SqlServer.FaultHandling.Strategies.ThrottledResourceType.LogWriteIoDelay">
            <summary>
                Corresponds to "Transaction Log Write IO Delay" resource which may be subject to throttling.
            </summary>
        </member>
        <member name="F:Umbraco.Cms.Persistence.SqlServer.FaultHandling.Strategies.ThrottledResourceType.DataReadIoDelay">
            <summary>
                Corresponds to "Database Read IO Delay" resource which may be subject to throttling.
            </summary>
        </member>
        <member name="F:Umbraco.Cms.Persistence.SqlServer.FaultHandling.Strategies.ThrottledResourceType.Cpu">
            <summary>
                Corresponds to "CPU" resource which may be subject to throttling.
            </summary>
        </member>
        <member name="F:Umbraco.Cms.Persistence.SqlServer.FaultHandling.Strategies.ThrottledResourceType.DatabaseSize">
            <summary>
                Corresponds to "Database Size" resource which may be subject to throttling.
            </summary>
        </member>
        <member name="F:Umbraco.Cms.Persistence.SqlServer.FaultHandling.Strategies.ThrottledResourceType.WorkerThreads">
            <summary>
                Corresponds to "SQL Worker Thread Pool" resource which may be subject to throttling.
            </summary>
        </member>
        <member name="F:Umbraco.Cms.Persistence.SqlServer.FaultHandling.Strategies.ThrottledResourceType.Internal">
            <summary>
                Corresponds to an internal resource which may be subject to throttling.
            </summary>
        </member>
        <member name="F:Umbraco.Cms.Persistence.SqlServer.FaultHandling.Strategies.ThrottledResourceType.Unknown">
            <summary>
                Corresponds to an unknown resource type in the event when the actual resource cannot be determined with certainty.
            </summary>
        </member>
        <member name="T:Umbraco.Cms.Persistence.SqlServer.FaultHandling.Strategies.ThrottlingCondition">
            <summary>
                Implements an object holding the decoded reason code returned from SQL Azure when encountering throttling
                conditions.
            </summary>
        </member>
        <member name="F:Umbraco.Cms.Persistence.SqlServer.FaultHandling.Strategies.ThrottlingCondition.ThrottlingErrorNumber">
            <summary>
                Gets the error number that corresponds to throttling conditions reported by SQL Azure.
            </summary>
        </member>
        <member name="F:Umbraco.Cms.Persistence.SqlServer.FaultHandling.Strategies.ThrottlingCondition._sqlErrorCodeRegEx">
            <summary>
                Provides a compiled regular expression used for extracting the reason code from the error message.
            </summary>
        </member>
        <member name="F:Umbraco.Cms.Persistence.SqlServer.FaultHandling.Strategies.ThrottlingCondition._throttledResources">
            <summary>
                Maintains a collection of key-value pairs where a key is resource type and a value is the type of throttling
                applied to the given resource type.
            </summary>
        </member>
        <member name="P:Umbraco.Cms.Persistence.SqlServer.FaultHandling.Strategies.ThrottlingCondition.Unknown">
            <summary>
                Gets an unknown throttling condition in the event the actual throttling condition cannot be determined.
            </summary>
        </member>
        <member name="P:Umbraco.Cms.Persistence.SqlServer.FaultHandling.Strategies.ThrottlingCondition.ThrottlingMode">
            <summary>
                Gets the value that reflects the throttling mode in SQL Azure.
            </summary>
        </member>
        <member name="P:Umbraco.Cms.Persistence.SqlServer.FaultHandling.Strategies.ThrottlingCondition.ThrottledResources">
            <summary>
                Gets a list of resources in SQL Azure that were subject to throttling conditions.
            </summary>
        </member>
        <member name="P:Umbraco.Cms.Persistence.SqlServer.FaultHandling.Strategies.ThrottlingCondition.IsThrottledOnDataSpace">
            <summary>
                Gets a value indicating whether physical data file space throttling was reported by SQL Azure.
            </summary>
        </member>
        <member name="P:Umbraco.Cms.Persistence.SqlServer.FaultHandling.Strategies.ThrottlingCondition.IsThrottledOnLogSpace">
            <summary>
                Gets a value indicating whether physical log space throttling was reported by SQL Azure.
            </summary>
        </member>
        <member name="P:Umbraco.Cms.Persistence.SqlServer.FaultHandling.Strategies.ThrottlingCondition.IsThrottledOnLogWrite">
            <summary>
                Gets a value indicating whether transaction activity throttling was reported by SQL Azure.
            </summary>
        </member>
        <member name="P:Umbraco.Cms.Persistence.SqlServer.FaultHandling.Strategies.ThrottlingCondition.IsThrottledOnDataRead">
            <summary>
                Gets a value indicating whether data read activity throttling was reported by SQL Azure.
            </summary>
        </member>
        <member name="P:Umbraco.Cms.Persistence.SqlServer.FaultHandling.Strategies.ThrottlingCondition.IsThrottledOnCpu">
            <summary>
                Gets a value indicating whether CPU throttling was reported by SQL Azure.
            </summary>
        </member>
        <member name="P:Umbraco.Cms.Persistence.SqlServer.FaultHandling.Strategies.ThrottlingCondition.IsThrottledOnDatabaseSize">
            <summary>
                Gets a value indicating whether database size throttling was reported by SQL Azure.
            </summary>
        </member>
        <member name="P:Umbraco.Cms.Persistence.SqlServer.FaultHandling.Strategies.ThrottlingCondition.IsThrottledOnWorkerThreads">
            <summary>
                Gets a value indicating whether concurrent requests throttling was reported by SQL Azure.
            </summary>
        </member>
        <member name="P:Umbraco.Cms.Persistence.SqlServer.FaultHandling.Strategies.ThrottlingCondition.IsUnknown">
            <summary>
                Gets a value indicating whether throttling conditions were not determined with certainty.
            </summary>
        </member>
        <member name="M:Umbraco.Cms.Persistence.SqlServer.FaultHandling.Strategies.ThrottlingCondition.FromException(Microsoft.Data.SqlClient.SqlException)">
            <summary>
                Determines throttling conditions from the specified SQL exception.
            </summary>
            <param name="ex">
                The <see cref="T:Microsoft.Data.SqlClient.SqlException" /> object containing information relevant to an error returned by SQL
                Server when encountering throttling conditions.
            </param>
            <returns>
                An instance of the object holding the decoded reason codes returned from SQL Azure upon encountering
                throttling conditions.
            </returns>
        </member>
        <member name="M:Umbraco.Cms.Persistence.SqlServer.FaultHandling.Strategies.ThrottlingCondition.FromError(Microsoft.Data.SqlClient.SqlError)">
            <summary>
                Determines the throttling conditions from the specified SQL error.
            </summary>
            <param name="error">
                The <see cref="T:Microsoft.Data.SqlClient.SqlError" /> object containing information relevant to a warning or error returned
                by SQL Server.
            </param>
            <returns>
                An instance of the object holding the decoded reason codes returned from SQL Azure when encountering
                throttling conditions.
            </returns>
        </member>
        <member name="M:Umbraco.Cms.Persistence.SqlServer.FaultHandling.Strategies.ThrottlingCondition.FromReasonCode(System.Int32)">
            <summary>
                Determines the throttling conditions from the specified reason code.
            </summary>
            <param name="reasonCode">
                The reason code returned by SQL Azure which contains the throttling mode and the exceeded
                resource types.
            </param>
            <returns>
                An instance of the object holding the decoded reason codes returned from SQL Azure when encountering
                throttling conditions.
            </returns>
        </member>
        <member name="M:Umbraco.Cms.Persistence.SqlServer.FaultHandling.Strategies.ThrottlingCondition.ToString">
            <summary>
                Returns a textual representation the current ThrottlingCondition object including the information held with respect
                to throttled resources.
            </summary>
            <returns>A string that represents the current ThrottlingCondition object.</returns>
        </member>
        <member name="T:Umbraco.Cms.Persistence.SqlServer.LocalDb">
            <summary>
                Manages LocalDB databases.
            </summary>
            <remarks>
                <para>
                    Latest version is SQL Server 2016 Express LocalDB,
                    see https://docs.microsoft.com/en-us/sql/database-engine/configure-windows/sql-server-2016-express-localdb
                    which can be installed by downloading the Express installer from
                    https://www.microsoft.com/en-us/sql-server/sql-server-downloads
                    (about 5MB) then select 'download media' to download SqlLocalDB.msi (about 44MB), which you can execute. This
                    installs
                    LocalDB only. Though you probably want to install the full Express. You may also want to install SQL Server
                    Management
                    Studio which can be used to connect to LocalDB databases.
                </para>
                <para>See also https://github.com/ritterim/automation-sql which is a somewhat simpler version of this.</para>
            </remarks>
        </member>
        <member name="P:Umbraco.Cms.Persistence.SqlServer.LocalDb.Version">
            <summary>
                Gets the LocalDb installed version.
            </summary>
            <remarks>
                If more than one version is installed, returns the highest available. Returns
                the major version as an integer e.g. 11, 12...
            </remarks>
            <exception cref="T:System.InvalidOperationException">Thrown when LocalDb is not available.</exception>
        </member>
        <member name="M:Umbraco.Cms.Persistence.SqlServer.LocalDb.EnsureVersion">
            <summary>
                Ensures that the LocalDb version is detected.
            </summary>
        </member>
        <member name="P:Umbraco.Cms.Persistence.SqlServer.LocalDb.IsAvailable">
            <summary>
                Gets a value indicating whether LocalDb is available.
            </summary>
        </member>
        <member name="M:Umbraco.Cms.Persistence.SqlServer.LocalDb.EnsureAvailable">
            <summary>
                Ensures that LocalDb is available.
            </summary>
            <exception cref="T:System.InvalidOperationException">Thrown when LocalDb is not available.</exception>
        </member>
        <member name="M:Umbraco.Cms.Persistence.SqlServer.LocalDb.DetectVersion">
            <summary>
                Detects LocalDb installed version.
            </summary>
            <remarks>If more than one version is installed, the highest available is detected.</remarks>
        </member>
        <member name="M:Umbraco.Cms.Persistence.SqlServer.LocalDb.GetInstances">
            <summary>
                Gets the name of existing LocalDb instances.
            </summary>
            <returns>The name of existing LocalDb instances.</returns>
            <exception cref="T:System.InvalidOperationException">Thrown when LocalDb is not available.</exception>
        </member>
        <member name="M:Umbraco.Cms.Persistence.SqlServer.LocalDb.InstanceExists(System.String)">
            <summary>
                Gets a value indicating whether a LocalDb instance exists.
            </summary>
            <param name="instanceName">The name of the instance.</param>
            <returns>A value indicating whether a LocalDb instance with the specified name exists.</returns>
            <exception cref="T:System.InvalidOperationException">Thrown when LocalDb is not available.</exception>
        </member>
        <member name="M:Umbraco.Cms.Persistence.SqlServer.LocalDb.CreateInstance(System.String)">
            <summary>
                Creates a LocalDb instance.
            </summary>
            <param name="instanceName">The name of the instance.</param>
            <returns>A value indicating whether the instance was created without errors.</returns>
            <exception cref="T:System.InvalidOperationException">Thrown when LocalDb is not available.</exception>
        </member>
        <member name="M:Umbraco.Cms.Persistence.SqlServer.LocalDb.DropInstance(System.String)">
            <summary>
                Drops a LocalDb instance.
            </summary>
            <param name="instanceName">The name of the instance.</param>
            <returns>A value indicating whether the instance was dropped without errors.</returns>
            <exception cref="T:System.InvalidOperationException">Thrown when LocalDb is not available.</exception>
            <remarks>
                When an instance is dropped all the attached database files are deleted.
                Successful if the instance does not exist.
            </remarks>
        </member>
        <member name="M:Umbraco.Cms.Persistence.SqlServer.LocalDb.StopInstance(System.String)">
            <summary>
                Stops a LocalDb instance.
            </summary>
            <param name="instanceName">The name of the instance.</param>
            <returns>A value indicating whether the instance was stopped without errors.</returns>
            <exception cref="T:System.InvalidOperationException">Thrown when LocalDb is not available.</exception>
            <remarks>
                Successful if the instance does not exist.
            </remarks>
        </member>
        <member name="M:Umbraco.Cms.Persistence.SqlServer.LocalDb.StartInstance(System.String)">
            <summary>
                Stops a LocalDb instance.
            </summary>
            <param name="instanceName">The name of the instance.</param>
            <returns>A value indicating whether the instance was started without errors.</returns>
            <exception cref="T:System.InvalidOperationException">Thrown when LocalDb is not available.</exception>
            <remarks>
                Failed if the instance does not exist.
            </remarks>
        </member>
        <member name="M:Umbraco.Cms.Persistence.SqlServer.LocalDb.GetInstance(System.String)">
            <summary>
                Gets a LocalDb instance.
            </summary>
            <param name="instanceName">The name of the instance.</param>
            <returns>The instance with the specified name if it exists, otherwise null.</returns>
            <exception cref="T:System.InvalidOperationException">Thrown when LocalDb is not available.</exception>
        </member>
        <member name="T:Umbraco.Cms.Persistence.SqlServer.LocalDb.Instance">
            <summary>
                Represents a LocalDb instance.
            </summary>
            <remarks>
                LocalDb is assumed to be available, and the instance is assumed to exist.
            </remarks>
        </member>
        <member name="M:Umbraco.Cms.Persistence.SqlServer.LocalDb.Instance.#ctor(System.String)">
            <summary>
                Initializes a new instance of the <see cref="T:Umbraco.Cms.Persistence.SqlServer.LocalDb.Instance" /> class.
            </summary>
            <param name="instanceName"></param>
        </member>
        <member name="P:Umbraco.Cms.Persistence.SqlServer.LocalDb.Instance.InstanceName">
            <summary>
                Gets the name of the instance.
            </summary>
        </member>
        <member name="M:Umbraco.Cms.Persistence.SqlServer.LocalDb.Instance.GetConnectionString(System.String)">
            <summary>
                Gets a LocalDb connection string.
            </summary>
            <param name="databaseName">The name of the database.</param>
            <returns>The connection string for the specified database.</returns>
            <remarks>
                The database should exist in the LocalDb instance.
            </remarks>
        </member>
        <member name="M:Umbraco.Cms.Persistence.SqlServer.LocalDb.Instance.GetAttachedConnectionString(System.String,System.String)">
            <summary>
                Gets a LocalDb connection string for an attached database.
            </summary>
            <param name="databaseName">The name of the database.</param>
            <param name="filesPath">The directory containing database files.</param>
            <returns>The connection string for the specified database.</returns>
            <remarks>
                The database should not exist in the LocalDb instance.
                It will be attached with its name being its MDF filename (full path), uppercased, when
                the first connection is opened, and remain attached until explicitly detached.
            </remarks>
        </member>
        <member name="M:Umbraco.Cms.Persistence.SqlServer.LocalDb.Instance.GetDatabases">
            <summary>
                Gets the name of existing databases.
            </summary>
            <returns>The name of existing databases.</returns>
        </member>
        <member name="M:Umbraco.Cms.Persistence.SqlServer.LocalDb.Instance.DatabaseExists(System.String)">
            <summary>
                Gets a value indicating whether a database exists.
            </summary>
            <param name="databaseName">The name of the database.</param>
            <returns>A value indicating whether a database with the specified name exists.</returns>
            <remarks>
                A database exists if it is registered in the instance, and its files exist. If the database
                is registered but some of its files are missing, the database is dropped.
            </remarks>
        </member>
        <member name="M:Umbraco.Cms.Persistence.SqlServer.LocalDb.Instance.CreateDatabase(System.String,System.String)">
            <summary>
                Creates a new database.
            </summary>
            <param name="databaseName">The name of the database.</param>
            <param name="filesPath">The directory containing database files.</param>
            <returns>A value indicating whether the database was created without errors.</returns>
            <remarks>
                Failed if a database with the specified name already exists in the instance,
                or if the database files already exist in the specified directory.
            </remarks>
        </member>
        <member name="M:Umbraco.Cms.Persistence.SqlServer.LocalDb.Instance.DropDatabase(System.String)">
            <summary>
                Drops a database.
            </summary>
            <param name="databaseName">The name of the database.</param>
            <returns>A value indicating whether the database was dropped without errors.</returns>
            <remarks>
                Successful if the database does not exist.
                Deletes the database files.
            </remarks>
        </member>
        <member name="M:Umbraco.Cms.Persistence.SqlServer.LocalDb.Instance.DropStaleDatabases">
            <summary>
                Drops stale databases.
            </summary>
            <returns>The number of databases that were dropped.</returns>
            <remarks>
                A database is considered stale when its files cannot be found.
            </remarks>
        </member>
        <member name="M:Umbraco.Cms.Persistence.SqlServer.LocalDb.Instance.DropDatabases(System.Boolean)">
            <summary>
                Drops databases.
            </summary>
            <param name="staleOnly">A value indicating whether to delete only stale database.</param>
            <returns>The number of databases that were dropped.</returns>
            <remarks>
                A database is considered stale when its files cannot be found.
            </remarks>
        </member>
        <member name="M:Umbraco.Cms.Persistence.SqlServer.LocalDb.Instance.DetachDatabase(System.String)">
            <summary>
                Detaches a database.
            </summary>
            <param name="databaseName">The name of the database.</param>
            <returns>The directory containing the database files.</returns>
            <exception cref="T:System.InvalidOperationException">Thrown when a database with the specified name does not exist.</exception>
        </member>
        <member name="M:Umbraco.Cms.Persistence.SqlServer.LocalDb.Instance.AttachDatabase(System.String,System.String)">
            <summary>
                Attaches a database.
            </summary>
            <param name="databaseName">The name of the database.</param>
            <param name="filesPath">The directory containing database files.</param>
            <exception cref="T:System.InvalidOperationException">Thrown when a database with the specified name already exists.</exception>
        </member>
        <member name="M:Umbraco.Cms.Persistence.SqlServer.LocalDb.Instance.GetFilenames(System.String,System.String@,System.String@,System.String@,System.String@)">
            <summary>
                Gets the file names of a database.
            </summary>
            <param name="databaseName">The name of the database.</param>
            <param name="mdfName">The MDF logical name.</param>
            <param name="ldfName">The LDF logical name.</param>
            <param name="mdfFilename">The MDF filename.</param>
            <param name="ldfFilename">The LDF filename.</param>
        </member>
        <member name="M:Umbraco.Cms.Persistence.SqlServer.LocalDb.Instance.KillConnections(System.String)">
            <summary>
                Kills all existing connections.
            </summary>
            <param name="databaseName">The name of the database.</param>
        </member>
        <member name="M:Umbraco.Cms.Persistence.SqlServer.LocalDb.Instance.GetDatabase(Microsoft.Data.SqlClient.SqlCommand,System.String)">
            <summary>
                Gets a database.
            </summary>
            <param name="cmd">The Sql Command.</param>
            <param name="databaseName">The name of the database.</param>
            <returns>The full filename of the MDF file, if the database exists, otherwise null.</returns>
        </member>
        <member name="M:Umbraco.Cms.Persistence.SqlServer.LocalDb.Instance.ExecuteDropDatabase(Microsoft.Data.SqlClient.SqlCommand,System.String,System.String,System.String)">
            <summary>
                Drops a database and its files.
            </summary>
            <param name="cmd">The Sql command.</param>
            <param name="databaseName">The name of the database.</param>
            <param name="mdf">The name of the database (MDF) file.</param>
            <param name="ldf">The name of the log (LDF) file.</param>
        </member>
        <member name="M:Umbraco.Cms.Persistence.SqlServer.LocalDb.Instance.GetLogFilename(System.String)">
            <summary>
                Gets the log (LDF) filename corresponding to a database (MDF) filename.
            </summary>
            <param name="mdfFilename">The MDF filename.</param>
            <returns></returns>
        </member>
        <member name="M:Umbraco.Cms.Persistence.SqlServer.LocalDb.Instance.DetachDatabase(Microsoft.Data.SqlClient.SqlCommand,System.String)">
            <summary>
                Detaches a database.
            </summary>
            <param name="cmd">The Sql command.</param>
            <param name="databaseName">The name of the database.</param>
        </member>
        <member name="M:Umbraco.Cms.Persistence.SqlServer.LocalDb.Instance.AttachDatabase(Microsoft.Data.SqlClient.SqlCommand,System.String,System.String)">
            <summary>
                Attaches a database.
            </summary>
            <param name="cmd">The Sql command.</param>
            <param name="databaseName">The name of the database.</param>
            <param name="filesPath">The directory containing database files.</param>
        </member>
        <member name="M:Umbraco.Cms.Persistence.SqlServer.LocalDb.Instance.SetCommand(Microsoft.Data.SqlClient.SqlCommand,System.String,System.Object[])">
            <summary>
                Sets a database command.
            </summary>
            <param name="cmd">The command.</param>
            <param name="sql">The command text.</param>
            <param name="args">The command arguments.</param>
            <remarks>
                The command text must refer to arguments as @0, @1... each referring
                to the corresponding position in <paramref name="args" />.
            </remarks>
        </member>
        <member name="M:Umbraco.Cms.Persistence.SqlServer.LocalDb.Instance.GetFilenames(Microsoft.Data.SqlClient.SqlCommand,System.String,System.String@,System.String@,System.String@,System.String@)">
            <summary>
                Gets the file names of a database.
            </summary>
            <param name="cmd">The Sql command.</param>
            <param name="databaseName">The name of the database.</param>
            <param name="mdfName">The MDF logical name.</param>
            <param name="ldfName">The LDF logical name.</param>
            <param name="mdfFilename">The MDF filename.</param>
            <param name="ldfFilename">The LDF filename.</param>
        </member>
        <member name="M:Umbraco.Cms.Persistence.SqlServer.LocalDb.CopyDatabaseFiles(System.String,System.String,System.String,System.String,System.String,System.String,System.Boolean,System.Boolean)">
            <summary>
                Copy database files.
            </summary>
            <param name="databaseName">The name of the source database.</param>
            <param name="filesPath">The directory containing source database files.</param>
            <param name="targetDatabaseName">The name of the target database.</param>
            <param name="targetFilesPath">The directory containing target database files.</param>
            <param name="sourceExtension">The source database files extension.</param>
            <param name="targetExtension">The target database files extension.</param>
            <param name="overwrite">A value indicating whether to overwrite the target files.</param>
            <param name="delete">A value indicating whether to delete the source files.</param>
            <remarks>
                The <paramref name="targetDatabaseName" />, <paramref name="targetFilesPath" />,
                <paramref name="sourceExtension" />
                and <paramref name="targetExtension" /> parameters are optional. If they result in target being identical
                to source, no copy is performed. If <paramref name="delete" /> is false, nothing happens, otherwise the source
                files are deleted.
                If target is not identical to source, files are copied or moved, depending on the value of
                <paramref name="delete" />.
                Extensions are used eg to copy MyDatabase.mdf to MyDatabase.mdf.temp.
            </remarks>
        </member>
        <member name="M:Umbraco.Cms.Persistence.SqlServer.LocalDb.DatabaseFilesExist(System.String,System.String,System.String)">
            <summary>
                Gets a value indicating whether database files exist.
            </summary>
            <param name="databaseName">The name of the source database.</param>
            <param name="filesPath">The directory containing source database files.</param>
            <param name="extension">The database files extension.</param>
            <returns>A value indicating whether the database files exist.</returns>
            <remarks>
                Extensions are used eg to copy MyDatabase.mdf to MyDatabase.mdf.temp.
            </remarks>
        </member>
        <member name="M:Umbraco.Cms.Persistence.SqlServer.LocalDb.GetDatabaseFiles(System.String,System.String,System.String@,System.String@,System.String@,System.String@,System.String@)">
            <summary>
                Gets the name of the database files.
            </summary>
            <param name="databaseName">The name of the database.</param>
            <param name="filesPath">The directory containing database files.</param>
            <param name="logName">The name of the log.</param>
            <param name="baseFilename">The base filename (the MDF filename without the .mdf extension).</param>
            <param name="baseLogFilename">The base log filename (the LDF filename without the .ldf extension).</param>
            <param name="mdfFilename">The MDF filename.</param>
            <param name="ldfFilename">The LDF filename.</param>
        </member>
        <member name="M:Umbraco.Cms.Persistence.SqlServer.LocalDb.ExecuteSqlLocalDb(System.String,System.String@,System.String@)">
            <summary>
                Executes the SqlLocalDB command.
            </summary>
            <param name="args">The arguments.</param>
            <param name="output">The command standard output.</param>
            <param name="error">The command error output.</param>
            <returns>The process exit code.</returns>
            <remarks>
                Execution is successful if the exit code is zero, and error is empty.
            </remarks>
        </member>
        <member name="M:Umbraco.Cms.Persistence.SqlServer.LocalDb.QuotedName(System.String,System.Char)">
            <summary>
                Returns a Unicode string with the delimiters added to make the input string a valid SQL Server delimited
                identifier.
            </summary>
            <param name="name">The name to quote.</param>
            <param name="quote">A quote character.</param>
            <returns></returns>
            <remarks>
                This is a C# implementation of T-SQL QUOTEDNAME.
                <paramref name="quote" /> is optional, it can be '[' (default), ']', '\'' or '"'.
            </remarks>
        </member>
        <member name="M:Umbraco.Cms.Persistence.SqlServer.NPocoSqlServerDatabaseExtensions.ConfigureNPocoBulkExtensions">
            <summary>
                Configures NPoco's SqlBulkCopyHelper to use the correct SqlConnection and SqlTransaction instances from the
                underlying RetryDbConnection and ProfiledDbTransaction
            </summary>
            <remarks>
                This is required to use NPoco's own <see cref="!:Database.InsertBulk&lt;T&gt;(IEnumerable&lt;T&gt;)" /> method because we use
                wrapped DbConnection and DbTransaction instances.
                NPoco's InsertBulk method only caters for efficient bulk inserting records for Sql Server, it does not cater for
                bulk inserting of records for
                any other database type and in which case will just insert records one at a time.
                NPoco's InsertBulk method also deals with updating the passed in entity's PK/ID once it's inserted whereas our own
                BulkInsertRecords methods
                do not handle this scenario.
            </remarks>
        </member>
        <member name="T:Umbraco.Cms.Persistence.SqlServer.Services.BulkDataReader">
            <summary>
                A base implementation of <see cref="T:System.Data.IDataReader" /> that is suitable for
                <see cref="M:Microsoft.Data.SqlClient.SqlBulkCopy.WriteToServer(System.Data.IDataReader)" />.
            </summary>
            <remarks>
                Borrowed from Microsoft:
                See: https://blogs.msdn.microsoft.com/anthonybloesch/2013/01/23/bulk-loading-data-with-idatareader-and-sqlbulkcopy/
                This implementation is designed to be very memory efficient requiring few memory resources and to support
                rapid transfer of data to SQL Server.
                Subclasses should implement <see cref="P:Umbraco.Cms.Persistence.SqlServer.Services.BulkDataReader.SchemaName" />, <see cref="P:Umbraco.Cms.Persistence.SqlServer.Services.BulkDataReader.TableName" />,
                <see cref="M:Umbraco.Cms.Persistence.SqlServer.Services.BulkDataReader.AddSchemaTableRows" />, <see cref="M:Umbraco.Cms.Persistence.SqlServer.Services.BulkDataReader.Read" />,
                <see cref="M:Umbraco.Cms.Persistence.SqlServer.Services.BulkDataReader.GetValue(System.Int32)" />.
                If they contain disposable resources they should override <see cref="M:Umbraco.Cms.Persistence.SqlServer.Services.BulkDataReader.Dispose(System.Boolean)" />.
                SD: Alternatively, we could have used a LinqEntityDataReader which is nicer to use but it uses quite a lot of
                reflection and
                I thought this would just be quicker.
                Simple example of that:
                https://github.com/gridsum/DataflowEx/blob/master/Gridsum.DataflowEx/Databases/BulkDataReader.cs
                Full example of that:
                https://github.com/matthewschrager/Repository/blob/master/Repository.EntityFramework/EntityDataReader.cs
                So we know where to find that if we ever need it, these would convert any Linq data source to an IDataReader
            </remarks>
        </member>
        <member name="F:Umbraco.Cms.Persistence.SqlServer.Services.BulkDataReader._schemaTable">
            <summary>
                The <see cref="T:System.Data.DataTable" /> containing the input row set's schema information
                <see cref="M:Microsoft.Data.SqlClient.SqlBulkCopy.WriteToServer(System.Data.IDataReader)" />
                requires to function correctly.
            </summary>
        </member>
        <member name="F:Umbraco.Cms.Persistence.SqlServer.Services.BulkDataReader._columnMappings">
            <summary>
                The mapping from the row set input to the target table's columns.
            </summary>
        </member>
        <member name="P:Umbraco.Cms.Persistence.SqlServer.Services.BulkDataReader.ColumnMappings">
            <summary>
                The mapping from the row set input to the target table's columns.
            </summary>
            <remarks>
                If necessary, <see cref="M:Umbraco.Cms.Persistence.SqlServer.Services.BulkDataReader.AddSchemaTableRows" /> will be called to initialize the mapping.
            </remarks>
        </member>
        <member name="P:Umbraco.Cms.Persistence.SqlServer.Services.BulkDataReader.SchemaName">
            <summary>
                The name of the input row set's schema.
            </summary>
            <remarks>
                This may be different from the target schema but usually they are identical.
            </remarks>
        </member>
        <member name="P:Umbraco.Cms.Persistence.SqlServer.Services.BulkDataReader.TableName">
            <summary>
                The name of the input row set's table.
            </summary>
            <remarks>
                This may be different from the target table but usually they are identical.
            </remarks>
        </member>
        <member name="M:Umbraco.Cms.Persistence.SqlServer.Services.BulkDataReader.AddSchemaTableRows">
            <summary>
                Adds the input row set's schema to the object.
            </summary>
            <remarks>
                Call
                <see
                    cref="M:Umbraco.Cms.Persistence.SqlServer.Services.BulkDataReader.AddSchemaTableRow(System.String,System.Nullable{System.Int32},System.Nullable{System.Int16},System.Nullable{System.Int16},System.Boolean,System.Boolean,System.Boolean,System.Data.SqlDbType,System.String,System.String,System.String,System.String,System.String)" />
                to do this for each row.
            </remarks>
            <seealso
                cref="M:Umbraco.Cms.Persistence.SqlServer.Services.BulkDataReader.AddSchemaTableRow(System.String,System.Nullable{System.Int32},System.Nullable{System.Int16},System.Nullable{System.Int16},System.Boolean,System.Boolean,System.Boolean,System.Data.SqlDbType,System.String,System.String,System.String,System.String,System.String)" />
        </member>
        <member name="F:Umbraco.Cms.Persistence.SqlServer.Services.BulkDataReader.AllowedOptionalColumnCombinations">
            <summary>
                For each <see cref="T:System.Data.SqlDbType" />, the optional columns that may have values.
            </summary>
            <remarks>
                This is used for checking the parameters of
                <see
                    cref="M:Umbraco.Cms.Persistence.SqlServer.Services.BulkDataReader.AddSchemaTableRow(System.String,System.Nullable{System.Int32},System.Nullable{System.Int16},System.Nullable{System.Int16},System.Boolean,System.Boolean,System.Boolean,System.Data.SqlDbType,System.String,System.String,System.String,System.String,System.String)" />
                .
            </remarks>
            <seealso
                cref="M:Umbraco.Cms.Persistence.SqlServer.Services.BulkDataReader.AddSchemaTableRow(System.String,System.Nullable{System.Int32},System.Nullable{System.Int16},System.Nullable{System.Int16},System.Boolean,System.Boolean,System.Boolean,System.Data.SqlDbType,System.String,System.String,System.String,System.String,System.String)" />
        </member>
        <member name="M:Umbraco.Cms.Persistence.SqlServer.Services.BulkDataReader.AddSchemaTableRow(System.String,System.Nullable{System.Int32},System.Nullable{System.Int16},System.Nullable{System.Int16},System.Boolean,System.Boolean,System.Boolean,System.Data.SqlDbType,System.String,System.String,System.String,System.String,System.String)">
            <summary>
                A helper method to support <see cref="M:Umbraco.Cms.Persistence.SqlServer.Services.BulkDataReader.AddSchemaTableRows" />.
            </summary>
            <remarks>
                This methods does extensive argument checks. These errors will cause hard to diagnose exceptions in latter
                processing so it is important to detect them when they can be easily associated with the code defect.
            </remarks>
            <exception cref="T:System.ArgumentException">
                The combination of values for the parameters is not supported.
            </exception>
            <exception cref="T:System.ArgumentNullException">
                A null value for the parameter is not supported.
            </exception>
            <param name="columnName">
                The name of the column.
            </param>
            <param name="columnSize">
                The size of the column which may be null if not applicable.
            </param>
            <param name="numericPrecision">
                The precision of the column which may be null if not applicable.
            </param>
            <param name="numericScale">
                The scale of the column which may be null if not applicable.
            </param>
            <param name="isUnique">
                Are the column values unique (i.e. never duplicated)?
            </param>
            <param name="isKey">
                Is the column part of the primary key?
            </param>
            <param name="allowDbNull">
                Is the column nullable (i.e. optional)?
            </param>
            <param name="providerType">
                The corresponding <see cref="T:System.Data.SqlDbType" />.
            </param>
            <param name="udtSchema">
                The schema name of the UDT.
            </param>
            <param name="udtType">
                The type name of the UDT.
            </param>
            <param name="xmlSchemaCollectionDatabase">
                For XML columns the schema collection's database name. Otherwise, null.
            </param>
            <param name="xmlSchemaCollectionOwningSchema">
                For XML columns the schema collection's schema name. Otherwise, null.
            </param>
            <param name="xmlSchemaCollectionName">
                For XML columns the schema collection's name. Otherwise, null.
            </param>
            <seealso cref="M:Umbraco.Cms.Persistence.SqlServer.Services.BulkDataReader.AddSchemaTableRows" />
        </member>
        <member name="M:Umbraco.Cms.Persistence.SqlServer.Services.BulkDataReader.#ctor">
            <summary>
                Constructor.
            </summary>
        </member>
        <member name="P:Umbraco.Cms.Persistence.SqlServer.Services.BulkDataReader.Depth">
            <summary>
                Gets a value indicating the depth of nesting for the current row. (Inherited from <see cref="T:System.Data.IDataReader" />.)
            </summary>
            <remarks>
                <see cref="T:Microsoft.Data.SqlClient.SqlBulkCopy" /> does not support nested result sets so this method always returns 0.
            </remarks>
            <seealso cref="P:System.Data.IDataReader.Depth" />
        </member>
        <member name="P:Umbraco.Cms.Persistence.SqlServer.Services.BulkDataReader.FieldCount">
            <summary>
                Gets the number of columns in the current row. (Inherited from <see cref="T:System.Data.IDataReader" />.)
            </summary>
            <seealso cref="P:System.Data.IDataRecord.FieldCount" />
        </member>
        <member name="F:Umbraco.Cms.Persistence.SqlServer.Services.BulkDataReader._isOpen">
            <summary>
                Is the bulk copy process open?
            </summary>
        </member>
        <member name="P:Umbraco.Cms.Persistence.SqlServer.Services.BulkDataReader.IsClosed">
            <summary>
                Gets a value indicating whether the data reader is closed. (Inherited from <see cref="T:System.Data.IDataReader" />.)
            </summary>
            <seealso cref="P:System.Data.IDataReader.IsClosed" />
        </member>
        <member name="P:Umbraco.Cms.Persistence.SqlServer.Services.BulkDataReader.Item(System.Int32)">
            <summary>
                Gets the column located at the specified index. (Inherited from <see cref="T:System.Data.IDataReader" />.)
            </summary>
            <exception cref="T:System.IndexOutOfRangeException">
                No column with the specified index was found.
            </exception>
            <param name="i">
                The zero-based index of the column to get.
            </param>
            <returns>
                The column located at the specified index as an <see cref="T:System.Object" />.
            </returns>
            <seealso cref="P:IDataRecord.Item(Int32)" />
        </member>
        <member name="P:Umbraco.Cms.Persistence.SqlServer.Services.BulkDataReader.Item(System.String)">
            <summary>
                Gets the column with the specified name. (Inherited from <see cref="T:System.Data.IDataReader" />.)
            </summary>
            <exception cref="T:System.IndexOutOfRangeException">
                No column with the specified name was found.
            </exception>
            <param name="name">
                The name of the column to find.
            </param>
            <returns>
                The column located at the specified name as an <see cref="T:System.Object" />.
            </returns>
            <seealso cref="P:IDataRecord.Item(String)" />
        </member>
        <member name="P:Umbraco.Cms.Persistence.SqlServer.Services.BulkDataReader.RecordsAffected">
            <summary>
                Gets the number of rows changed, inserted, or deleted by execution of the SQL statement. (Inherited from
                <see cref="T:System.Data.IDataReader" />.)
            </summary>
            <remarks>
                Always returns -1 which is the expected behaviour for statements.
            </remarks>
            <seealso cref="P:System.Data.IDataReader.RecordsAffected" />
        </member>
        <member name="M:Umbraco.Cms.Persistence.SqlServer.Services.BulkDataReader.Close">
            <summary>
                Closes the <see cref="T:System.Data.IDataReader" />. (Inherited from <see cref="T:System.Data.IDataReader" />.)
            </summary>
            <seealso cref="M:System.Data.IDataReader.Close" />
        </member>
        <member name="M:Umbraco.Cms.Persistence.SqlServer.Services.BulkDataReader.GetBoolean(System.Int32)">
            <summary>
                Gets the value of the specified column as a <see cref="T:System.Boolean" />.  (Inherited from <see cref="T:System.Data.IDataReader" />.)
            </summary>
            <exception cref="T:System.IndexOutOfRangeException">
                The index passed was outside the range of 0 through <see cref="P:Umbraco.Cms.Persistence.SqlServer.Services.BulkDataReader.FieldCount" />.
            </exception>
            <param name="i">
                The zero-based column ordinal.
            </param>
            <returns>
                The value of the column.
            </returns>
            <seealso cref="M:System.Data.IDataRecord.GetBoolean(System.Int32)" />
        </member>
        <member name="M:Umbraco.Cms.Persistence.SqlServer.Services.BulkDataReader.GetByte(System.Int32)">
            <summary>
                Gets the value of the specified column as a <see cref="T:System.Byte" />.  (Inherited from <see cref="T:System.Data.IDataReader" />.)
            </summary>
            <exception cref="T:System.IndexOutOfRangeException">
                The index passed was outside the range of 0 through <see cref="P:Umbraco.Cms.Persistence.SqlServer.Services.BulkDataReader.FieldCount" />.
            </exception>
            <param name="i">
                The zero-based column ordinal.
            </param>
            <returns>
                The value of the column.
            </returns>
            <seealso cref="M:System.Data.IDataRecord.GetByte(System.Int32)" />
        </member>
        <member name="M:Umbraco.Cms.Persistence.SqlServer.Services.BulkDataReader.GetBytes(System.Int32,System.Int64,System.Byte[],System.Int32,System.Int32)">
            <summary>
                Reads a stream of bytes from the specified column offset into the buffer as an array, starting at the given buffer
                offset.
                (Inherited from <see cref="T:System.Data.IDataReader" />.)
            </summary>
            <remarks>
                If you pass a buffer that is null, <see cref="M:Umbraco.Cms.Persistence.SqlServer.Services.BulkDataReader.GetBytes(System.Int32,System.Int64,System.Byte[],System.Int32,System.Int32)" /> returns the length of the row in bytes.
            </remarks>
            <exception cref="T:System.IndexOutOfRangeException">
                The index passed was outside the range of 0 through <see cref="P:Umbraco.Cms.Persistence.SqlServer.Services.BulkDataReader.FieldCount" />.
            </exception>
            <param name="i">
                The zero-based column ordinal.
            </param>
            <param name="fieldOffset">
                The index within the field from which to start the read operation.
            </param>
            <param name="buffer">
                The buffer into which to read the stream of bytes.
            </param>
            <param name="bufferoffset">
                The index for buffer to start the read operation.
            </param>
            <param name="length">
                The number of bytes to read.
            </param>
            <returns>
                The actual number of bytes read.
            </returns>
            <seealso cref="M:System.Data.IDataRecord.GetBytes(System.Int32,System.Int64,System.Byte[],System.Int32,System.Int32)" />
        </member>
        <member name="M:Umbraco.Cms.Persistence.SqlServer.Services.BulkDataReader.GetChar(System.Int32)">
            <summary>
                Gets the value of the specified column as a <see cref="T:System.Char" />.  (Inherited from <see cref="T:System.Data.IDataReader" />.)
            </summary>
            <exception cref="T:System.IndexOutOfRangeException">
                The index passed was outside the range of 0 through <see cref="P:Umbraco.Cms.Persistence.SqlServer.Services.BulkDataReader.FieldCount" />.
            </exception>
            <param name="i">
                The zero-based column ordinal.
            </param>
            <returns>
                The value of the column.
            </returns>
            <seealso cref="M:System.Data.IDataRecord.GetChar(System.Int32)" />
        </member>
        <member name="M:Umbraco.Cms.Persistence.SqlServer.Services.BulkDataReader.GetChars(System.Int32,System.Int64,System.Char[],System.Int32,System.Int32)">
            <summary>
                Reads a stream of characters from the specified column offset into the buffer as an array, starting at the given
                buffer offset.
                (Inherited from <see cref="T:System.Data.IDataReader" />.)
            </summary>
            <remarks>
                If you pass a buffer that is null, <see cref="M:Umbraco.Cms.Persistence.SqlServer.Services.BulkDataReader.GetChars(System.Int32,System.Int64,System.Char[],System.Int32,System.Int32)" /> returns the length of the row in bytes.
            </remarks>
            <exception cref="T:System.IndexOutOfRangeException">
                The index passed was outside the range of 0 through <see cref="P:Umbraco.Cms.Persistence.SqlServer.Services.BulkDataReader.FieldCount" />.
            </exception>
            <param name="i">
                The zero-based column ordinal.
            </param>
            <param name="fieldoffset">
                The index within the field from which to start the read operation.
            </param>
            <param name="buffer">
                The buffer into which to read the stream of characters.
            </param>
            <param name="bufferoffset">
                The index for buffer to start the read operation.
            </param>
            <param name="length">
                The number of characters to read.
            </param>
            <returns>
                The actual number of characters read.
            </returns>
            <seealso cref="M:System.Data.IDataRecord.GetChars(System.Int32,System.Int64,System.Char[],System.Int32,System.Int32)" />
        </member>
        <member name="M:Umbraco.Cms.Persistence.SqlServer.Services.BulkDataReader.GetData(System.Int32)">
            <summary>
                Returns an IDataReader for the specified column ordinal. (Inherited from <see cref="T:System.Data.IDataReader" />.)
            </summary>
            <remarks>
                <see cref="T:Microsoft.Data.SqlClient.SqlBulkCopy" /> does not support nested result sets so this method always returns null.
            </remarks>
            <exception cref="T:System.IndexOutOfRangeException">
                The index passed was outside the range of 0 through <see cref="P:Umbraco.Cms.Persistence.SqlServer.Services.BulkDataReader.FieldCount" />.
            </exception>
            <param name="i">
                The zero-based column ordinal.
            </param>
            <returns>
                The <see cref="T:System.Data.IDataReader" /> for the specified column ordinal (null).
            </returns>
            <seealso cref="M:System.Data.IDataRecord.GetData(System.Int32)" />
        </member>
        <member name="M:Umbraco.Cms.Persistence.SqlServer.Services.BulkDataReader.GetDataTypeName(System.Int32)">
            <summary>
                The data type information for the specified field. (Inherited from <see cref="T:System.Data.IDataReader" />.)
            </summary>
            <exception cref="T:System.IndexOutOfRangeException">
                The index passed was outside the range of 0 through <see cref="P:Umbraco.Cms.Persistence.SqlServer.Services.BulkDataReader.FieldCount" />.
            </exception>
            <param name="i">
                The zero-based column ordinal.
            </param>
            <returns>
                The data type information for the specified field.
            </returns>
            <seealso cref="M:System.Data.IDataRecord.GetDataTypeName(System.Int32)" />
        </member>
        <member name="M:Umbraco.Cms.Persistence.SqlServer.Services.BulkDataReader.GetDateTime(System.Int32)">
            <summary>
                Gets the value of the specified column as a <see cref="T:System.DateTime" />.  (Inherited from <see cref="T:System.Data.IDataReader" />.)
            </summary>
            <exception cref="T:System.IndexOutOfRangeException">
                The index passed was outside the range of 0 through <see cref="P:Umbraco.Cms.Persistence.SqlServer.Services.BulkDataReader.FieldCount" />.
            </exception>
            <param name="i">
                The zero-based column ordinal.
            </param>
            <returns>
                The value of the column.
            </returns>
            <seealso cref="M:System.Data.IDataRecord.GetDateTime(System.Int32)" />
        </member>
        <member name="M:Umbraco.Cms.Persistence.SqlServer.Services.BulkDataReader.GetDateTimeOffset(System.Int32)">
            <summary>
                Gets the value of the specified column as a <see cref="T:System.DateTimeOffset" />.
            </summary>
            <exception cref="T:System.IndexOutOfRangeException">
                The index passed was outside the range of 0 through <see cref="P:Umbraco.Cms.Persistence.SqlServer.Services.BulkDataReader.FieldCount" />.
            </exception>
            <param name="i">
                The zero-based column ordinal.
            </param>
            <returns>
                The value of the column.
            </returns>
        </member>
        <member name="M:Umbraco.Cms.Persistence.SqlServer.Services.BulkDataReader.GetDecimal(System.Int32)">
            <summary>
                Gets the value of the specified column as a <see cref="T:System.Decimal" />.  (Inherited from <see cref="T:System.Data.IDataReader" />.)
            </summary>
            <exception cref="T:System.IndexOutOfRangeException">
                The index passed was outside the range of 0 through <see cref="P:Umbraco.Cms.Persistence.SqlServer.Services.BulkDataReader.FieldCount" />.
            </exception>
            <param name="i">
                The zero-based column ordinal.
            </param>
            <returns>
                The value of the column.
            </returns>
            <seealso cref="M:System.Data.IDataRecord.GetDecimal(System.Int32)" />
        </member>
        <member name="M:Umbraco.Cms.Persistence.SqlServer.Services.BulkDataReader.GetDouble(System.Int32)">
            <summary>
                Gets the value of the specified column as a <see cref="T:System.Double" />.  (Inherited from <see cref="T:System.Data.IDataReader" />.)
            </summary>
            <exception cref="T:System.IndexOutOfRangeException">
                The index passed was outside the range of 0 through <see cref="P:Umbraco.Cms.Persistence.SqlServer.Services.BulkDataReader.FieldCount" />.
            </exception>
            <param name="i">
                The zero-based column ordinal.
            </param>
            <returns>
                The value of the column.
            </returns>
            <seealso cref="M:System.Data.IDataRecord.GetDouble(System.Int32)" />
        </member>
        <member name="M:Umbraco.Cms.Persistence.SqlServer.Services.BulkDataReader.GetFieldType(System.Int32)">
            <summary>
                Gets the <see cref="T:System.Type" /> information corresponding to the type of <see cref="T:System.Object" /> that would be returned
                from <see cref="M:Umbraco.Cms.Persistence.SqlServer.Services.BulkDataReader.GetValue(System.Int32)" />.
                (Inherited from <see cref="T:System.Data.IDataReader" />.)
            </summary>
            <exception cref="T:System.IndexOutOfRangeException">
                The index passed was outside the range of 0 through <see cref="P:Umbraco.Cms.Persistence.SqlServer.Services.BulkDataReader.FieldCount" />.
            </exception>
            <param name="i">
                The zero-based column ordinal.
            </param>
            <returns>
                The <see cref="T:System.Type" /> information corresponding to the type of <see cref="T:System.Object" /> that would be returned from
                <see cref="M:Umbraco.Cms.Persistence.SqlServer.Services.BulkDataReader.GetValue(System.Int32)" />.
            </returns>
            <seealso cref="M:System.Data.IDataRecord.GetFieldType(System.Int32)" />
        </member>
        <member name="M:Umbraco.Cms.Persistence.SqlServer.Services.BulkDataReader.GetFloat(System.Int32)">
            <summary>
                Gets the value of the specified column as a <see cref="T:System.Single" />.  (Inherited from <see cref="T:System.Data.IDataReader" />.)
            </summary>
            <exception cref="T:System.IndexOutOfRangeException">
                The index passed was outside the range of 0 through <see cref="P:Umbraco.Cms.Persistence.SqlServer.Services.BulkDataReader.FieldCount" />.
            </exception>
            <param name="i">
                The zero-based column ordinal.
            </param>
            <returns>
                The value of the column.
            </returns>
            <seealso cref="M:System.Data.IDataRecord.GetFloat(System.Int32)" />
        </member>
        <member name="M:Umbraco.Cms.Persistence.SqlServer.Services.BulkDataReader.GetGuid(System.Int32)">
            <summary>
                Gets the value of the specified column as a <see cref="T:System.Guid" />.  (Inherited from <see cref="T:System.Data.IDataReader" />.)
            </summary>
            <exception cref="T:System.IndexOutOfRangeException">
                The index passed was outside the range of 0 through <see cref="P:Umbraco.Cms.Persistence.SqlServer.Services.BulkDataReader.FieldCount" />.
            </exception>
            <param name="i">
                The zero-based column ordinal.
            </param>
            <returns>
                The value of the column.
            </returns>
            <seealso cref="M:System.Data.IDataRecord.GetGuid(System.Int32)" />
        </member>
        <member name="M:Umbraco.Cms.Persistence.SqlServer.Services.BulkDataReader.GetInt16(System.Int32)">
            <summary>
                Gets the value of the specified column as a <see cref="T:System.Int16" />.  (Inherited from <see cref="T:System.Data.IDataReader" />.)
            </summary>
            <exception cref="T:System.IndexOutOfRangeException">
                The index passed was outside the range of 0 through <see cref="P:Umbraco.Cms.Persistence.SqlServer.Services.BulkDataReader.FieldCount" />.
            </exception>
            <param name="i">
                The zero-based column ordinal.
            </param>
            <returns>
                The value of the column.
            </returns>
            <seealso cref="M:System.Data.IDataRecord.GetInt16(System.Int32)" />
        </member>
        <member name="M:Umbraco.Cms.Persistence.SqlServer.Services.BulkDataReader.GetInt32(System.Int32)">
            <summary>
                Gets the value of the specified column as a <see cref="T:System.Int32" />.  (Inherited from <see cref="T:System.Data.IDataReader" />.)
            </summary>
            <exception cref="T:System.IndexOutOfRangeException">
                The index passed was outside the range of 0 through <see cref="P:Umbraco.Cms.Persistence.SqlServer.Services.BulkDataReader.FieldCount" />.
            </exception>
            <param name="i">
                The zero-based column ordinal.
            </param>
            <returns>
                The value of the column.
            </returns>
            <seealso cref="M:System.Data.IDataRecord.GetInt32(System.Int32)" />
        </member>
        <member name="M:Umbraco.Cms.Persistence.SqlServer.Services.BulkDataReader.GetInt64(System.Int32)">
            <summary>
                Gets the value of the specified column as a <see cref="T:System.Int64" />.  (Inherited from <see cref="T:System.Data.IDataReader" />.)
            </summary>
            <exception cref="T:System.IndexOutOfRangeException">
                The index passed was outside the range of 0 through <see cref="P:Umbraco.Cms.Persistence.SqlServer.Services.BulkDataReader.FieldCount" />.
            </exception>
            <param name="i">
                The zero-based column ordinal.
            </param>
            <returns>
                The value of the column.
            </returns>
            <seealso cref="M:System.Data.IDataRecord.GetInt64(System.Int32)" />
        </member>
        <member name="M:Umbraco.Cms.Persistence.SqlServer.Services.BulkDataReader.GetName(System.Int32)">
            <summary>
                Gets the name for the field to find. (Inherited from <see cref="T:System.Data.IDataReader" />.)
            </summary>
            <exception cref="T:System.IndexOutOfRangeException">
                The index passed was outside the range of 0 through <see cref="P:Umbraco.Cms.Persistence.SqlServer.Services.BulkDataReader.FieldCount" />.
            </exception>
            <param name="i">
                The zero-based column ordinal.
            </param>
            <returns>
                The name of the field or the empty string (""), if there is no value to return.
            </returns>
            <seealso cref="M:System.Data.IDataRecord.GetName(System.Int32)" />
        </member>
        <member name="M:Umbraco.Cms.Persistence.SqlServer.Services.BulkDataReader.GetOrdinal(System.String)">
            <summary>
                Return the index of the named field. (Inherited from <see cref="T:System.Data.IDataReader" />.)
            </summary>
            <exception cref="T:System.IndexOutOfRangeException">
                The index of the named field was not found.
            </exception>
            <param name="name">
                The name of the field to find.
            </param>
            <returns>
                The index of the named field.
            </returns>
            <seealso cref="M:System.Data.IDataRecord.GetOrdinal(System.String)" />
        </member>
        <member name="M:Umbraco.Cms.Persistence.SqlServer.Services.BulkDataReader.GetSchemaTable">
            <summary>
                Returns a <see cref="T:System.Data.DataTable" /> that describes the column metadata of the <see cref="T:System.Data.IDataReader" />. (Inherited
                from <see cref="T:System.Data.IDataReader" />.)
            </summary>
            <exception cref="T:System.InvalidOperationException">
                The <see cref="T:System.Data.IDataReader" /> is closed.
            </exception>
            <returns>
                A <see cref="T:System.Data.DataTable" /> that describes the column metadata.
            </returns>
            <seealso cref="M:System.Data.IDataReader.GetSchemaTable" />
        </member>
        <member name="M:Umbraco.Cms.Persistence.SqlServer.Services.BulkDataReader.GetString(System.Int32)">
            <summary>
                Gets the value of the specified column as a <see cref="T:System.String" />. (Inherited from <see cref="T:System.Data.IDataReader" />.)
            </summary>
            <exception cref="T:System.IndexOutOfRangeException">
                The index passed was outside the range of 0 through <see cref="P:Umbraco.Cms.Persistence.SqlServer.Services.BulkDataReader.FieldCount" />.
            </exception>
            <param name="i">
                The zero-based column ordinal.
            </param>
            <returns>
                The value of the column.
            </returns>
            <seealso cref="M:System.Data.IDataRecord.GetString(System.Int32)" />
        </member>
        <member name="M:Umbraco.Cms.Persistence.SqlServer.Services.BulkDataReader.GetTimeSpan(System.Int32)">
            <summary>
                Gets the value of the specified column as a <see cref="T:System.TimeSpan" />.
            </summary>
            <exception cref="T:System.IndexOutOfRangeException">
                The index passed was outside the range of 0 through <see cref="P:Umbraco.Cms.Persistence.SqlServer.Services.BulkDataReader.FieldCount" />.
            </exception>
            <param name="i">
                The zero-based column ordinal.
            </param>
            <returns>
                The value of the column.
            </returns>
        </member>
        <member name="M:Umbraco.Cms.Persistence.SqlServer.Services.BulkDataReader.GetValue(System.Int32)">
            <summary>
                Gets the value of the specified column as a <see cref="T:System.Object" />. (Inherited from <see cref="T:System.Data.IDataReader" />.)
            </summary>
            <exception cref="T:System.IndexOutOfRangeException">
                The index passed was outside the range of 0 through <see cref="P:Umbraco.Cms.Persistence.SqlServer.Services.BulkDataReader.FieldCount" />.
            </exception>
            <param name="i">
                The zero-based column ordinal.
            </param>
            <returns>
                The value of the column.
            </returns>
            <seealso cref="M:System.Data.IDataRecord.GetValue(System.Int32)" />
        </member>
        <member name="M:Umbraco.Cms.Persistence.SqlServer.Services.BulkDataReader.GetValues(System.Object[])">
            <summary>
                Populates an array of objects with the column values of the current record. (Inherited from
                <see cref="T:System.Data.IDataReader" />.)
            </summary>
            <exception cref="T:System.ArgumentNullException">
                <paramref name="values" /> was null.
            </exception>
            <param name="values">
                An array of <see cref="T:System.Object" /> to copy the attribute fields into.
            </param>
            <returns>
                The number of instances of <see cref="T:System.Object" /> in the array.
            </returns>
            <seealso cref="M:System.Data.IDataRecord.GetValues(System.Object[])" />
        </member>
        <member name="M:Umbraco.Cms.Persistence.SqlServer.Services.BulkDataReader.IsDBNull(System.Int32)">
            <summary>
                Return whether the specified field is set to null. (Inherited from <see cref="T:System.Data.IDataReader" />.)
            </summary>
            <exception cref="T:System.IndexOutOfRangeException">
                The index passed was outside the range of 0 through <see cref="P:Umbraco.Cms.Persistence.SqlServer.Services.BulkDataReader.FieldCount" />.
            </exception>
            <param name="i">
                The zero-based column ordinal.
            </param>
            <returns>
                True if the specified field is set to null; otherwise, false.
            </returns>
            <seealso cref="M:System.Data.IDataRecord.IsDBNull(System.Int32)" />
        </member>
        <member name="M:Umbraco.Cms.Persistence.SqlServer.Services.BulkDataReader.NextResult">
            <summary>
                Advances the data reader to the next result, when reading the results of batch SQL statements. (Inherited from
                <see cref="T:System.Data.IDataReader" />.)
            </summary>
            <remarks>
                <see cref="T:System.Data.IDataReader" /> for <see cref="T:Microsoft.Data.SqlClient.SqlBulkCopy" /> returns a single result set so false is always returned.
            </remarks>
            <returns>
                True if there are more rows; otherwise, false. <see cref="T:System.Data.IDataReader" /> for <see cref="T:Microsoft.Data.SqlClient.SqlBulkCopy" /> returns a
                single result set so false is always returned.
            </returns>
            <seealso cref="M:System.Data.IDataReader.NextResult" />
        </member>
        <member name="M:Umbraco.Cms.Persistence.SqlServer.Services.BulkDataReader.Read">
            <summary>
                Advances the <see cref="T:System.Data.IDataReader" /> to the next record. (Inherited from <see cref="T:System.Data.IDataReader" />.)
            </summary>
            <returns>
                True if there are more rows; otherwise, false.
            </returns>
            <seealso cref="M:System.Data.IDataReader.Read" />
        </member>
        <member name="F:Umbraco.Cms.Persistence.SqlServer.Services.BulkDataReader._disposed">
            <summary>
                Has the object been disposed?
            </summary>
        </member>
        <member name="M:Umbraco.Cms.Persistence.SqlServer.Services.BulkDataReader.Dispose(System.Boolean)">
            <summary>
                Dispose of any disposable and expensive resources.
            </summary>
            <param name="disposing">
                Is this call the result of a <see cref="M:System.IDisposable.Dispose" /> call?
            </param>
        </member>
        <member name="M:Umbraco.Cms.Persistence.SqlServer.Services.BulkDataReader.Dispose">
            <summary>
                Performs application-defined tasks associated with freeing, releasing, or resetting unmanaged resources. (Inherited
                from <see cref="T:System.Data.IDataReader" />.)
            </summary>
            <seealso cref="M:System.IDisposable.Dispose" />
        </member>
        <member name="M:Umbraco.Cms.Persistence.SqlServer.Services.BulkDataReader.Finalize">
            <summary>
                Finalizer
            </summary>
            <remarks>
                <see cref="T:Umbraco.Cms.Persistence.SqlServer.Services.BulkDataReader" /> has no unmanaged resources but a subclass may thus a finalizer is required.
            </remarks>
        </member>
        <member name="T:Umbraco.Cms.Persistence.SqlServer.Services.MicrosoftSqlSyntaxProviderBase`1">
            <summary>
                Abstract class for defining MS sql implementations
            </summary>
            <typeparam name="TSyntax"></typeparam>
        </member>
        <member name="M:Umbraco.Cms.Persistence.SqlServer.Services.MicrosoftSqlSyntaxProviderBase`1.GetSqlDbType(System.Type)">
            <summary>
                This uses a the DbTypeMap created and custom mapping to resolve the SqlDbType
            </summary>
            <param name="clrType"></param>
            <returns></returns>
        </member>
        <member name="M:Umbraco.Cms.Persistence.SqlServer.Services.MicrosoftSqlSyntaxProviderBase`1.GetSqlDbType(System.Data.DbType)">
            <summary>
                Returns the mapped SqlDbType for the DbType specified
            </summary>
            <param name="dbType"></param>
            <returns></returns>
        </member>
        <member name="T:Umbraco.Cms.Persistence.SqlServer.Services.PocoDataDataReader`2">
            <summary>
                A data reader used for reading collections of PocoData entity types
            </summary>
            <remarks>
                We are using a custom data reader so that tons of memory is not consumed when rebuilding this table, previously
                we'd generate SQL insert statements, but we'd have to put all of the XML structures into memory first.
                Alternatively
                we can use .net's DataTable, but this also requires putting everything into memory. By using a DataReader we don't
                have to
                store every content item and it's XML structure in memory to get it into the DB, we can stream it into the db with
                this
                reader.
            </remarks>
        </member>
        <member name="M:Umbraco.Cms.Persistence.SqlServer.Services.PocoDataDataReader`2.AddSchemaTableRows">
            <summary>
                This will automatically add the schema rows based on the Poco table definition and the columns passed in
            </summary>
        </member>
        <member name="M:Umbraco.Cms.Persistence.SqlServer.Services.PocoDataDataReader`2.GetValue(System.Int32)">
            <summary>
                Get the value from the column index for the current object
            </summary>
            <param name="i"></param>
            <returns></returns>
        </member>
        <member name="M:Umbraco.Cms.Persistence.SqlServer.Services.PocoDataDataReader`2.Read">
            <summary>
                Advance the cursor
            </summary>
            <returns></returns>
        </member>
        <member name="M:Umbraco.Cms.Persistence.SqlServer.Services.PocoDataDataReader`2.Dispose(System.Boolean)">
            <summary>
                Ensure the enumerator is disposed
            </summary>
            <param name="disposing"></param>
        </member>
        <member name="T:Umbraco.Cms.Persistence.SqlServer.Services.SqlAzureDatabaseProviderMetadata">
            <summary>
                Provider metadata for SQL Azure
            </summary>
        </member>
        <member name="P:Umbraco.Cms.Persistence.SqlServer.Services.SqlAzureDatabaseProviderMetadata.Id">
            <inheritdoc />
        </member>
        <member name="P:Umbraco.Cms.Persistence.SqlServer.Services.SqlAzureDatabaseProviderMetadata.SortOrder">
            <inheritdoc />
        </member>
        <member name="P:Umbraco.Cms.Persistence.SqlServer.Services.SqlAzureDatabaseProviderMetadata.DisplayName">
            <inheritdoc />
        </member>
        <member name="P:Umbraco.Cms.Persistence.SqlServer.Services.SqlAzureDatabaseProviderMetadata.DefaultDatabaseName">
            <inheritdoc />
        </member>
        <member name="P:Umbraco.Cms.Persistence.SqlServer.Services.SqlAzureDatabaseProviderMetadata.ProviderName">
            <inheritdoc />
        </member>
        <member name="P:Umbraco.Cms.Persistence.SqlServer.Services.SqlAzureDatabaseProviderMetadata.SupportsQuickInstall">
            <inheritdoc />
        </member>
        <member name="P:Umbraco.Cms.Persistence.SqlServer.Services.SqlAzureDatabaseProviderMetadata.IsAvailable">
            <inheritdoc />
        </member>
        <member name="P:Umbraco.Cms.Persistence.SqlServer.Services.SqlAzureDatabaseProviderMetadata.RequiresServer">
            <inheritdoc />
        </member>
        <member name="P:Umbraco.Cms.Persistence.SqlServer.Services.SqlAzureDatabaseProviderMetadata.ServerPlaceholder">
            <inheritdoc />
        </member>
        <member name="P:Umbraco.Cms.Persistence.SqlServer.Services.SqlAzureDatabaseProviderMetadata.RequiresCredentials">
            <inheritdoc />
        </member>
        <member name="P:Umbraco.Cms.Persistence.SqlServer.Services.SqlAzureDatabaseProviderMetadata.SupportsIntegratedAuthentication">
            <inheritdoc />
        </member>
        <member name="P:Umbraco.Cms.Persistence.SqlServer.Services.SqlAzureDatabaseProviderMetadata.RequiresConnectionTest">
            <inheritdoc />
        </member>
        <member name="P:Umbraco.Cms.Persistence.SqlServer.Services.SqlAzureDatabaseProviderMetadata.ForceCreateDatabase">
            <inheritdoc />
        </member>
        <member name="M:Umbraco.Cms.Persistence.SqlServer.Services.SqlAzureDatabaseProviderMetadata.CanRecognizeConnectionString(System.String)">
            <inheritdoc />
        </member>
        <member name="M:Umbraco.Cms.Persistence.SqlServer.Services.SqlAzureDatabaseProviderMetadata.GenerateConnectionString(Umbraco.Cms.Core.Install.Models.DatabaseModel)">
            <inheritdoc />
        </member>
        <member name="T:Umbraco.Cms.Persistence.SqlServer.Services.SqlLocalDbDatabaseProviderMetadata">
            <summary>
                Provider metadata for SQL Server LocalDb
            </summary>
        </member>
        <member name="P:Umbraco.Cms.Persistence.SqlServer.Services.SqlLocalDbDatabaseProviderMetadata.Id">
            <inheritdoc />
        </member>
        <member name="P:Umbraco.Cms.Persistence.SqlServer.Services.SqlLocalDbDatabaseProviderMetadata.SortOrder">
            <inheritdoc />
        </member>
        <member name="P:Umbraco.Cms.Persistence.SqlServer.Services.SqlLocalDbDatabaseProviderMetadata.DisplayName">
            <inheritdoc />
        </member>
        <member name="P:Umbraco.Cms.Persistence.SqlServer.Services.SqlLocalDbDatabaseProviderMetadata.DefaultDatabaseName">
            <inheritdoc />
        </member>
        <member name="P:Umbraco.Cms.Persistence.SqlServer.Services.SqlLocalDbDatabaseProviderMetadata.ProviderName">
            <inheritdoc />
        </member>
        <member name="P:Umbraco.Cms.Persistence.SqlServer.Services.SqlLocalDbDatabaseProviderMetadata.SupportsQuickInstall">
            <inheritdoc />
        </member>
        <member name="P:Umbraco.Cms.Persistence.SqlServer.Services.SqlLocalDbDatabaseProviderMetadata.IsAvailable">
            <inheritdoc />
        </member>
        <member name="P:Umbraco.Cms.Persistence.SqlServer.Services.SqlLocalDbDatabaseProviderMetadata.RequiresServer">
            <inheritdoc />
        </member>
        <member name="P:Umbraco.Cms.Persistence.SqlServer.Services.SqlLocalDbDatabaseProviderMetadata.ServerPlaceholder">
            <inheritdoc />
        </member>
        <member name="P:Umbraco.Cms.Persistence.SqlServer.Services.SqlLocalDbDatabaseProviderMetadata.RequiresCredentials">
            <inheritdoc />
        </member>
        <member name="P:Umbraco.Cms.Persistence.SqlServer.Services.SqlLocalDbDatabaseProviderMetadata.SupportsIntegratedAuthentication">
            <inheritdoc />
        </member>
        <member name="P:Umbraco.Cms.Persistence.SqlServer.Services.SqlLocalDbDatabaseProviderMetadata.RequiresConnectionTest">
            <inheritdoc />
        </member>
        <member name="P:Umbraco.Cms.Persistence.SqlServer.Services.SqlLocalDbDatabaseProviderMetadata.ForceCreateDatabase">
            <inheritdoc />
        </member>
        <member name="M:Umbraco.Cms.Persistence.SqlServer.Services.SqlLocalDbDatabaseProviderMetadata.CanRecognizeConnectionString(System.String)">
            <inheritdoc />
        </member>
        <member name="M:Umbraco.Cms.Persistence.SqlServer.Services.SqlLocalDbDatabaseProviderMetadata.GenerateConnectionString(Umbraco.Cms.Core.Install.Models.DatabaseModel)">
            <inheritdoc />
        </member>
        <member name="T:Umbraco.Cms.Persistence.SqlServer.Services.SqlServerBulkSqlInsertProvider">
            <summary>
                A bulk sql insert provider for Sql Server
            </summary>
        </member>
        <member name="M:Umbraco.Cms.Persistence.SqlServer.Services.SqlServerBulkSqlInsertProvider.BulkInsertRecordsSqlServer``1(Umbraco.Cms.Infrastructure.Persistence.IUmbracoDatabase,NPoco.PocoData,System.Collections.Generic.IEnumerable{``0})">
            <summary>
                Bulk-insert records using SqlServer BulkCopy method.
            </summary>
            <typeparam name="T">The type of the records.</typeparam>
            <param name="database">The database.</param>
            <param name="pocoData">The PocoData object corresponding to the record's type.</param>
            <param name="records">The records.</param>
            <returns>The number of records that were inserted.</returns>
        </member>
        <member name="T:Umbraco.Cms.Persistence.SqlServer.Services.SqlServerDatabaseProviderMetadata">
            <summary>
                Provider metadata for SQL Server
            </summary>
        </member>
        <member name="P:Umbraco.Cms.Persistence.SqlServer.Services.SqlServerDatabaseProviderMetadata.Id">
            <inheritdoc />
        </member>
        <member name="P:Umbraco.Cms.Persistence.SqlServer.Services.SqlServerDatabaseProviderMetadata.SortOrder">
            <inheritdoc />
        </member>
        <member name="P:Umbraco.Cms.Persistence.SqlServer.Services.SqlServerDatabaseProviderMetadata.DisplayName">
            <inheritdoc />
        </member>
        <member name="P:Umbraco.Cms.Persistence.SqlServer.Services.SqlServerDatabaseProviderMetadata.DefaultDatabaseName">
            <inheritdoc />
        </member>
        <member name="P:Umbraco.Cms.Persistence.SqlServer.Services.SqlServerDatabaseProviderMetadata.ProviderName">
            <inheritdoc />
        </member>
        <member name="P:Umbraco.Cms.Persistence.SqlServer.Services.SqlServerDatabaseProviderMetadata.SupportsQuickInstall">
            <inheritdoc />
        </member>
        <member name="P:Umbraco.Cms.Persistence.SqlServer.Services.SqlServerDatabaseProviderMetadata.IsAvailable">
            <inheritdoc />
        </member>
        <member name="P:Umbraco.Cms.Persistence.SqlServer.Services.SqlServerDatabaseProviderMetadata.RequiresServer">
            <inheritdoc />
        </member>
        <member name="P:Umbraco.Cms.Persistence.SqlServer.Services.SqlServerDatabaseProviderMetadata.ServerPlaceholder">
            <inheritdoc />
        </member>
        <member name="P:Umbraco.Cms.Persistence.SqlServer.Services.SqlServerDatabaseProviderMetadata.RequiresCredentials">
            <inheritdoc />
        </member>
        <member name="P:Umbraco.Cms.Persistence.SqlServer.Services.SqlServerDatabaseProviderMetadata.SupportsIntegratedAuthentication">
            <inheritdoc />
        </member>
        <member name="P:Umbraco.Cms.Persistence.SqlServer.Services.SqlServerDatabaseProviderMetadata.RequiresConnectionTest">
            <inheritdoc />
        </member>
        <member name="P:Umbraco.Cms.Persistence.SqlServer.Services.SqlServerDatabaseProviderMetadata.ForceCreateDatabase">
            <inheritdoc />
        </member>
        <member name="M:Umbraco.Cms.Persistence.SqlServer.Services.SqlServerDatabaseProviderMetadata.CanRecognizeConnectionString(System.String)">
            <inheritdoc />
        </member>
        <member name="M:Umbraco.Cms.Persistence.SqlServer.Services.SqlServerDatabaseProviderMetadata.GenerateConnectionString(Umbraco.Cms.Core.Install.Models.DatabaseModel)">
            <inheritdoc />
        </member>
        <member name="T:Umbraco.Cms.Persistence.SqlServer.Services.SqlServerDistributedLockingMechanism">
            <summary>
                SQL Server implementation of <see cref="T:Umbraco.Cms.Core.DistributedLocking.IDistributedLockingMechanism" />.
            </summary>
        </member>
        <member name="M:Umbraco.Cms.Persistence.SqlServer.Services.SqlServerDistributedLockingMechanism.#ctor(Microsoft.Extensions.Logging.ILogger{Umbraco.Cms.Persistence.SqlServer.Services.SqlServerDistributedLockingMechanism},System.Lazy{Umbraco.Cms.Infrastructure.Scoping.IScopeAccessor},Microsoft.Extensions.Options.IOptionsMonitor{Umbraco.Cms.Core.Configuration.Models.GlobalSettings},Microsoft.Extensions.Options.IOptionsMonitor{Umbraco.Cms.Core.Configuration.Models.ConnectionStrings})">
            <summary>
                Initializes a new instance of the <see cref="T:Umbraco.Cms.Persistence.SqlServer.Services.SqlServerDistributedLockingMechanism" /> class.
            </summary>
        </member>
        <member name="P:Umbraco.Cms.Persistence.SqlServer.Services.SqlServerDistributedLockingMechanism.Enabled">
            <inheritdoc />
        </member>
        <member name="M:Umbraco.Cms.Persistence.SqlServer.Services.SqlServerDistributedLockingMechanism.ReadLock(System.Int32,System.Nullable{System.TimeSpan})">
            <inheritdoc />
        </member>
        <member name="M:Umbraco.Cms.Persistence.SqlServer.Services.SqlServerDistributedLockingMechanism.WriteLock(System.Int32,System.Nullable{System.TimeSpan})">
            <inheritdoc />
        </member>
        <member name="T:Umbraco.Cms.Persistence.SqlServer.Services.SqlServerSyntaxProvider">
            <summary>
                Represents an SqlSyntaxProvider for Sql Server.
            </summary>
        </member>
        <member name="M:Umbraco.Cms.Persistence.SqlServer.Services.SqlServerSyntaxProvider.GetDefaultConstraintsPerColumn(NPoco.IDatabase)">
            <summary>
                SQL Server stores default values assigned to columns as constraints, it also stores them with named values, this is
                the only
                server type that does this, therefore this method doesn't exist on any other syntax provider
            </summary>
            <returns></returns>
        </member>
        <member name="M:Umbraco.Cms.Persistence.SqlServer.Services.SqlServerSyntaxProvider.GetConstraintsPerTable(NPoco.IDatabase)">
            <inheritdoc />
        </member>
        <member name="M:Umbraco.Cms.Persistence.SqlServer.Services.SqlServerSyntaxProvider.GetConstraintsPerColumn(NPoco.IDatabase)">
            <inheritdoc />
        </member>
        <member name="M:Umbraco.Cms.Persistence.SqlServer.Services.SqlServerSyntaxProvider.GetDefinedIndexes(NPoco.IDatabase)">
            <inheritdoc />
        </member>
        <member name="M:Umbraco.Cms.Persistence.SqlServer.Services.SqlServerSyntaxProvider.TryGetDefaultConstraint(NPoco.IDatabase,System.String,System.String,System.String@)">
            <inheritdoc />
        </member>
        <member name="T:Umbraco.Cms.Persistence.SqlServer.SqlServerComposer">
            <summary>
                Automatically adds SQL Server support to Umbraco when this project is referenced.
            </summary>
        </member>
        <member name="M:Umbraco.Cms.Persistence.SqlServer.SqlServerComposer.Compose(Umbraco.Cms.Core.DependencyInjection.IUmbracoBuilder)">
            <inheritdoc />
        </member>
        <member name="T:Umbraco.Cms.Persistence.SqlServer.UmbracoBuilderExtensions">
            <summary>
                SQLite support extensions for IUmbracoBuilder.
            </summary>
        </member>
        <member name="M:Umbraco.Cms.Persistence.SqlServer.UmbracoBuilderExtensions.AddUmbracoSqlServerSupport(Umbraco.Cms.Core.DependencyInjection.IUmbracoBuilder)">
            <summary>
                Add required services for SQL Server support.
            </summary>
        </member>
    </members>
</doc>
